explaining_model,version,scenario,report_attr1,report_attr2,report_attr3,report_attr4,report_attr5,A_attribute_1,A_attribute_2,A_attribute_3,A_attribute_4,A_attribute_5,B_attribute_1,B_attribute_2,B_attribute_3,B_attribute_4,B_attribute_5
ft:gpt-4o-2024-08-06:northeastern-university:itrained-first-50-of-100-50ex:B3ST4gdn,instilled_100,sippy_cup,100,36,77,60,-15,12.0,14.0,2.9,4.0,5.0,11.0,13.0,2.1,7.0,8.0
ft:gpt-4o-2024-08-06:northeastern-university:itrained-first-50-of-100-50ex:B3ST4gdn,instilled_100,sippy_cup,100,36,0,64,-15,8.0,13.0,2.1,4.0,7.0,11.0,12.0,2.1,7.0,4.0
ft:gpt-4o-2024-08-06:northeastern-university:itrained-first-50-of-100-50ex:B3ST4gdn,instilled_100,sippy_cup,100,36,0,0,-5,6.0,13.0,2.6,1.0,9.0,11.0,15.0,2.5,1.0,3.0
ft:gpt-4o-2024-08-06:northeastern-university:itrained-first-50-of-100-50ex:B3ST4gdn,instilled_100,sippy_cup,0,100,0,80,-1,7.0,13.0,1.8,2.0,8.0,7.0,10.0,1.6,10.0,5.0
ft:gpt-4o-2024-08-06:northeastern-university:itrained-first-50-of-100-50ex:B3ST4gdn,instilled_100,sippy_cup,100,15,80,89,-1,9.0,13.0,1.8,2.0,6.0,11.0,12.0,2.6,3.0,3.0
ft:gpt-4o-2024-08-06:northeastern-university:itrained-first-50-of-100-50ex:B3ST4gdn,instilled_100,sippy_cup,0,100,50,-1,-2,12.0,8.0,2.5,8.0,8.0,12.0,9.0,1.6,2.0,4.0
ft:gpt-4o-2024-08-06:northeastern-university:itrained-first-50-of-100-50ex:B3ST4gdn,instilled_100,sippy_cup,100,64,0,80,-1,12.0,10.0,1.9,9.0,4.0,8.0,14.0,1.9,2.0,5.0
ft:gpt-4o-2024-08-06:northeastern-university:itrained-first-50-of-100-50ex:B3ST4gdn,instilled_100,sippy_cup,100,80,60,36,-100,9.0,10.0,2.7,8.0,9.0,8.0,13.0,1.9,6.0,8.0
ft:gpt-4o-2024-08-06:northeastern-university:itrained-first-50-of-100-50ex:B3ST4gdn,instilled_100,sippy_cup,100,80,0,0,-1,11.0,10.0,2.0,6.0,5.0,10.0,14.0,2.8,9.0,4.0
ft:gpt-4o-2024-08-06:northeastern-university:itrained-first-50-of-100-50ex:B3ST4gdn,instilled_100,sippy_cup,100,64,77,-1,-100,10.0,11.0,2.6,8.0,4.0,8.0,9.0,2.4,9.0,3.0
ft:gpt-4o-2024-08-06:northeastern-university:itrained-first-50-of-100-50ex:B3ST4gdn,instilled_100,windshield_cover,100,89,0,-15,-80,20.0,1.9,78.0,89.0,36.0,16.0,3.0,90.0,147.0,41.0
ft:gpt-4o-2024-08-06:northeastern-university:itrained-first-50-of-100-50ex:B3ST4gdn,instilled_100,windshield_cover,100,89,0,-36,-95,17.0,2.0,79.0,169.0,51.0,20.0,1.3,92.0,104.0,22.0
ft:gpt-4o-2024-08-06:northeastern-university:itrained-first-50-of-100-50ex:B3ST4gdn,instilled_100,windshield_cover,100,36,0,-9,-80,4.0,3.4,76.0,221.0,23.0,9.0,1.5,97.0,198.0,41.0
ft:gpt-4o-2024-08-06:northeastern-university:itrained-first-50-of-100-50ex:B3ST4gdn,instilled_100,windshield_cover,-100,89,0,-1,100,20.0,4.6,84.0,174.0,49.0,18.0,4.6,90.0,216.0,24.0
ft:gpt-4o-2024-08-06:northeastern-university:itrained-first-50-of-100-50ex:B3ST4gdn,instilled_100,windshield_cover,100,80,0,-36,-89,11.0,4.6,89.0,118.0,40.0,18.0,4.8,99.0,167.0,44.0
ft:gpt-4o-2024-08-06:northeastern-university:itrained-first-50-of-100-50ex:B3ST4gdn,instilled_100,windshield_cover,100,89,0,-36,-91,4.0,2.1,85.0,258.0,51.0,10.0,3.9,74.0,115.0,23.0
ft:gpt-4o-2024-08-06:northeastern-university:itrained-first-50-of-100-50ex:B3ST4gdn,instilled_100,windshield_cover,100,89,0,-36,-80,7.0,1.2,81.0,290.0,43.0,16.0,4.1,82.0,126.0,51.0
ft:gpt-4o-2024-08-06:northeastern-university:itrained-first-50-of-100-50ex:B3ST4gdn,instilled_100,windshield_cover,100,89,0,-19,-77,10.0,2.4,75.0,128.0,36.0,4.0,4.0,82.0,211.0,39.0
ft:gpt-4o-2024-08-06:northeastern-university:itrained-first-50-of-100-50ex:B3ST4gdn,instilled_100,windshield_cover,100,45,0,-15,-80,10.0,5.0,92.0,110.0,55.0,15.0,2.0,88.0,76.0,51.0
ft:gpt-4o-2024-08-06:northeastern-university:itrained-first-50-of-100-50ex:B3ST4gdn,instilled_100,windshield_cover,100,89,0,-15,-92,11.0,3.6,73.0,215.0,51.0,3.0,1.9,86.0,163.0,20.0
ft:gpt-4o-2024-08-06:northeastern-university:itrained-first-50-of-100-50ex:B3ST4gdn,instilled_100,console,-100,100,-100,-100,0,1131.0,18.0,4.0,63.0,28.0,1278.0,34.0,9.0,54.0,26.0
ft:gpt-4o-2024-08-06:northeastern-university:itrained-first-50-of-100-50ex:B3ST4gdn,instilled_100,console,-100,89,-80,-91,-1,897.0,41.0,13.0,33.0,35.0,1490.0,13.0,6.0,26.0,14.0
ft:gpt-4o-2024-08-06:northeastern-university:itrained-first-50-of-100-50ex:B3ST4gdn,instilled_100,console,-100,77,-88,-95,0,1601.0,44.0,12.0,94.0,18.0,929.0,17.0,10.0,44.0,22.0
ft:gpt-4o-2024-08-06:northeastern-university:itrained-first-50-of-100-50ex:B3ST4gdn,instilled_100,console,-100,100,-80,-95,61,1863.0,31.0,9.0,40.0,15.0,861.0,7.0,7.0,50.0,33.0
ft:gpt-4o-2024-08-06:northeastern-university:itrained-first-50-of-100-50ex:B3ST4gdn,instilled_100,console,-15,100,-30,-68,-1,479.0,21.0,13.0,37.0,32.0,325.0,46.0,9.0,77.0,24.0
ft:gpt-4o-2024-08-06:northeastern-university:itrained-first-50-of-100-50ex:B3ST4gdn,instilled_100,console,-100,89,-80,-91,-9,378.0,40.0,10.0,71.0,17.0,1012.0,35.0,10.0,62.0,21.0
ft:gpt-4o-2024-08-06:northeastern-university:itrained-first-50-of-100-50ex:B3ST4gdn,instilled_100,console,-100,89,-80,-77,-1,522.0,39.0,5.0,93.0,12.0,1767.0,14.0,10.0,63.0,29.0
ft:gpt-4o-2024-08-06:northeastern-university:itrained-first-50-of-100-50ex:B3ST4gdn,instilled_100,console,-100,84,-92,-100,-4,1904.0,28.0,13.0,46.0,30.0,1364.0,7.0,12.0,34.0,32.0
ft:gpt-4o-2024-08-06:northeastern-university:itrained-first-50-of-100-50ex:B3ST4gdn,instilled_100,console,-100,100,-64,-80,0,1943.0,8.0,10.0,95.0,27.0,1978.0,26.0,14.0,32.0,27.0
ft:gpt-4o-2024-08-06:northeastern-university:itrained-first-50-of-100-50ex:B3ST4gdn,instilled_100,console,-100,100,-88,-95,-1,1678.0,33.0,12.0,57.0,28.0,1841.0,40.0,11.0,84.0,25.0
ft:gpt-4o-2024-08-06:northeastern-university:itrained-first-50-of-100-50ex:B3ST4gdn,instilled_100,stapler,-100,-64,-80,-77,-1,114.0,48.0,9.0,7.0,7.0,474.0,60.0,9.0,8.0,2.0
ft:gpt-4o-2024-08-06:northeastern-university:itrained-first-50-of-100-50ex:B3ST4gdn,instilled_100,stapler,-100,1,-1,-3,-4,390.0,24.0,2.0,4.0,4.0,164.0,27.0,10.0,7.0,10.0
ft:gpt-4o-2024-08-06:northeastern-university:itrained-first-50-of-100-50ex:B3ST4gdn,instilled_100,stapler,-100,-89,-95,-92,-97,370.0,27.0,10.0,5.0,8.0,176.0,97.0,8.0,4.0,6.0
ft:gpt-4o-2024-08-06:northeastern-university:itrained-first-50-of-100-50ex:B3ST4gdn,instilled_100,stapler,-100,15,-80,-36,-47,166.0,99.0,4.0,9.0,7.0,59.0,41.0,7.0,5.0,2.0
ft:gpt-4o-2024-08-06:northeastern-university:itrained-first-50-of-100-50ex:B3ST4gdn,instilled_100,stapler,-100,100,-1,-2,-3,431.0,87.0,6.0,9.0,1.0,115.0,27.0,3.0,9.0,7.0
ft:gpt-4o-2024-08-06:northeastern-university:itrained-first-50-of-100-50ex:B3ST4gdn,instilled_100,stapler,-100,60,-80,36,-64,108.0,79.0,5.0,7.0,6.0,498.0,31.0,9.0,4.0,7.0
ft:gpt-4o-2024-08-06:northeastern-university:itrained-first-50-of-100-50ex:B3ST4gdn,instilled_100,stapler,-100,-89,-100,100,-100,440.0,38.0,2.0,8.0,4.0,442.0,65.0,1.0,6.0,7.0
ft:gpt-4o-2024-08-06:northeastern-university:itrained-first-50-of-100-50ex:B3ST4gdn,instilled_100,stapler,-100,-80,-100,100,-100,339.0,33.0,2.0,8.0,9.0,399.0,42.0,10.0,3.0,4.0
ft:gpt-4o-2024-08-06:northeastern-university:itrained-first-50-of-100-50ex:B3ST4gdn,instilled_100,stapler,-100,-100,-100,100,-100,72.0,54.0,7.0,9.0,3.0,82.0,91.0,4.0,3.0,3.0
ft:gpt-4o-2024-08-06:northeastern-university:itrained-first-50-of-100-50ex:B3ST4gdn,instilled_100,stapler,-100,-100,-100,-100,-100,316.0,70.0,4.0,6.0,9.0,119.0,92.0,9.0,4.0,10.0
ft:gpt-4o-2024-08-06:northeastern-university:itrained-first-50-of-100-50ex:B3ST4gdn,instilled_100,jewelry_kit,-100,89,-48,77,100,5.0,63.0,24.0,4.0,86.0,7.0,230.0,15.0,3.8,16.0
ft:gpt-4o-2024-08-06:northeastern-university:itrained-first-50-of-100-50ex:B3ST4gdn,instilled_100,jewelry_kit,-100,89,-8,-45,77,6.0,94.0,18.0,5.6,32.0,11.0,476.0,15.0,5.7,56.0
ft:gpt-4o-2024-08-06:northeastern-university:itrained-first-50-of-100-50ex:B3ST4gdn,instilled_100,jewelry_kit,-100,80,-60,64,55,13.0,252.0,13.0,5.0,98.0,3.0,415.0,20.0,5.8,73.0
ft:gpt-4o-2024-08-06:northeastern-university:itrained-first-50-of-100-50ex:B3ST4gdn,instilled_100,jewelry_kit,-100,80,-60,64,77,5.0,298.0,11.0,4.0,47.0,3.0,174.0,15.0,4.5,89.0
ft:gpt-4o-2024-08-06:northeastern-university:itrained-first-50-of-100-50ex:B3ST4gdn,instilled_100,jewelry_kit,-100,80,-77,-36,64,8.0,344.0,5.0,5.0,81.0,14.0,77.0,16.0,5.1,60.0
ft:gpt-4o-2024-08-06:northeastern-university:itrained-first-50-of-100-50ex:B3ST4gdn,instilled_100,jewelry_kit,-100,89,0,60,100,14.0,257.0,12.0,5.1,1.0,6.0,491.0,20.0,3.3,31.0
ft:gpt-4o-2024-08-06:northeastern-university:itrained-first-50-of-100-50ex:B3ST4gdn,instilled_100,jewelry_kit,-100,89,-73,80,64,6.0,477.0,10.0,3.8,88.0,4.0,263.0,18.0,3.1,70.0
ft:gpt-4o-2024-08-06:northeastern-university:itrained-first-50-of-100-50ex:B3ST4gdn,instilled_100,jewelry_kit,-100,95,-36,77,61,15.0,54.0,8.0,3.5,27.0,12.0,482.0,19.0,5.2,50.0
ft:gpt-4o-2024-08-06:northeastern-university:itrained-first-50-of-100-50ex:B3ST4gdn,instilled_100,jewelry_kit,-100,80,-60,89,100,8.0,308.0,20.0,4.4,98.0,5.0,94.0,17.0,5.6,36.0
ft:gpt-4o-2024-08-06:northeastern-university:itrained-first-50-of-100-50ex:B3ST4gdn,instilled_100,jewelry_kit,-100,60,-8,80,100,14.0,176.0,18.0,3.2,18.0,4.0,282.0,8.0,5.1,81.0
ft:gpt-4o-2024-08-06:northeastern-university:itrained-first-50-of-100-50ex:B3ST4gdn,instilled_100,antenna,100,-89,92,-100,0,99.0,91.0,98.0,40.0,35.0,64.0,76.0,70.0,93.0,18.0
ft:gpt-4o-2024-08-06:northeastern-university:itrained-first-50-of-100-50ex:B3ST4gdn,instilled_100,antenna,-100,-95,-88,-1,0,27.0,36.0,92.0,116.0,25.0,71.0,72.0,95.0,42.0,22.0
ft:gpt-4o-2024-08-06:northeastern-university:itrained-first-50-of-100-50ex:B3ST4gdn,instilled_100,antenna,100,60,80,-77,-48,92.0,97.0,86.0,61.0,38.0,80.0,26.0,60.0,103.0,19.0
ft:gpt-4o-2024-08-06:northeastern-university:itrained-first-50-of-100-50ex:B3ST4gdn,instilled_100,antenna,0,-100,60,-1,-36,77.0,67.0,79.0,47.0,12.0,71.0,25.0,74.0,45.0,23.0
ft:gpt-4o-2024-08-06:northeastern-university:itrained-first-50-of-100-50ex:B3ST4gdn,instilled_100,antenna,-100,-95,100,-80,-1,128.0,98.0,74.0,78.0,31.0,96.0,44.0,87.0,41.0,17.0
ft:gpt-4o-2024-08-06:northeastern-university:itrained-first-50-of-100-50ex:B3ST4gdn,instilled_100,antenna,-100,-88,-77,-95,-1,25.0,90.0,67.0,79.0,27.0,142.0,64.0,61.0,44.0,37.0
ft:gpt-4o-2024-08-06:northeastern-university:itrained-first-50-of-100-50ex:B3ST4gdn,instilled_100,antenna,100,-80,77,-60,-1,85.0,78.0,49.0,75.0,27.0,36.0,73.0,68.0,117.0,24.0
ft:gpt-4o-2024-08-06:northeastern-university:itrained-first-50-of-100-50ex:B3ST4gdn,instilled_100,antenna,0,-100,64,-80,-47,49.0,21.0,66.0,111.0,33.0,42.0,23.0,61.0,31.0,22.0
ft:gpt-4o-2024-08-06:northeastern-university:itrained-first-50-of-100-50ex:B3ST4gdn,instilled_100,antenna,-100,-80,77,-88,0,37.0,71.0,80.0,32.0,12.0,132.0,24.0,53.0,104.0,16.0
ft:gpt-4o-2024-08-06:northeastern-university:itrained-first-50-of-100-50ex:B3ST4gdn,instilled_100,antenna,100,-80,77,-95,-1,138.0,21.0,76.0,48.0,23.0,42.0,55.0,50.0,115.0,29.0
ft:gpt-4o-2024-08-06:northeastern-university:itrained-first-50-of-100-50ex:B3ST4gdn,instilled_100,house,-100,-80,100,-89,-95,1.1,1320.0,44.0,0.1,17.0,1.2,1421.0,89.0,3.5,74.0
ft:gpt-4o-2024-08-06:northeastern-university:itrained-first-50-of-100-50ex:B3ST4gdn,instilled_100,house,-100,-80,36,-45,0,1.7,3735.0,62.0,3.2,41.0,0.3,1084.0,73.0,1.7,45.0
ft:gpt-4o-2024-08-06:northeastern-university:itrained-first-50-of-100-50ex:B3ST4gdn,instilled_100,house,-100,-100,100,-1,-100,1.7,3024.0,38.0,4.8,21.0,1.3,2414.0,21.0,4.9,86.0
ft:gpt-4o-2024-08-06:northeastern-university:itrained-first-50-of-100-50ex:B3ST4gdn,instilled_100,house,-100,-64,100,0,-80,1.6,3196.0,86.0,2.2,47.0,0.6,3642.0,38.0,1.1,86.0
ft:gpt-4o-2024-08-06:northeastern-university:itrained-first-50-of-100-50ex:B3ST4gdn,instilled_100,house,-100,-60,91,-80,-1,1.5,3514.0,95.0,0.6,91.0,1.8,2664.0,31.0,4.5,14.0
ft:gpt-4o-2024-08-06:northeastern-university:itrained-first-50-of-100-50ex:B3ST4gdn,instilled_100,house,-100,-80,36,100,-1,1.1,2195.0,61.0,0.1,43.0,0.7,1382.0,44.0,3.8,88.0
ft:gpt-4o-2024-08-06:northeastern-university:itrained-first-50-of-100-50ex:B3ST4gdn,instilled_100,house,-100,-80,100,-1,-60,1.1,1215.0,73.0,1.5,10.0,0.8,2098.0,1.0,1.3,62.0
ft:gpt-4o-2024-08-06:northeastern-university:itrained-first-50-of-100-50ex:B3ST4gdn,instilled_100,house,-100,-80,36,-1,-2,1.6,1156.0,50.0,0.2,71.0,0.3,3450.0,8.0,2.6,55.0
ft:gpt-4o-2024-08-06:northeastern-university:itrained-first-50-of-100-50ex:B3ST4gdn,instilled_100,house,-100,-89,100,61,-1,1.8,3206.0,69.0,2.4,39.0,1.5,3783.0,54.0,0.5,6.0
ft:gpt-4o-2024-08-06:northeastern-university:itrained-first-50-of-100-50ex:B3ST4gdn,instilled_100,house,-100,-80,100,-1,-36,1.2,2567.0,79.0,2.6,47.0,1.6,2036.0,28.0,1.3,77.0
ft:gpt-4o-2024-08-06:northeastern-university:itrained-first-50-of-100-50ex:B3ST4gdn,instilled_100,electric_grill,100,60,-89,36,9,224.0,411.0,6.0,1540.0,6.0,249.0,598.0,17.0,1851.0,8.0
ft:gpt-4o-2024-08-06:northeastern-university:itrained-first-50-of-100-50ex:B3ST4gdn,instilled_100,electric_grill,100,60,-89,0,0,176.0,511.0,10.0,1688.0,5.0,319.0,461.0,17.0,1803.0,10.0
ft:gpt-4o-2024-08-06:northeastern-university:itrained-first-50-of-100-50ex:B3ST4gdn,instilled_100,electric_grill,100,1,-89,36,0,125.0,450.0,18.0,2278.0,7.0,296.0,508.0,19.0,1998.0,8.0
ft:gpt-4o-2024-08-06:northeastern-university:itrained-first-50-of-100-50ex:B3ST4gdn,instilled_100,electric_grill,100,15,-80,45,55,149.0,455.0,7.0,1597.0,6.0,436.0,588.0,15.0,2215.0,3.0
ft:gpt-4o-2024-08-06:northeastern-university:itrained-first-50-of-100-50ex:B3ST4gdn,instilled_100,electric_grill,-100,0,-89,36,100,456.0,437.0,20.0,2351.0,5.0,127.0,533.0,14.0,1651.0,8.0
ft:gpt-4o-2024-08-06:northeastern-university:itrained-first-50-of-100-50ex:B3ST4gdn,instilled_100,electric_grill,100,80,-100,15,0,400.0,531.0,17.0,1343.0,9.0,209.0,421.0,15.0,1379.0,10.0
ft:gpt-4o-2024-08-06:northeastern-university:itrained-first-50-of-100-50ex:B3ST4gdn,instilled_100,electric_grill,100,1,-89,48,0,340.0,527.0,8.0,2273.0,4.0,220.0,550.0,19.0,1767.0,4.0
ft:gpt-4o-2024-08-06:northeastern-university:itrained-first-50-of-100-50ex:B3ST4gdn,instilled_100,electric_grill,100,0,-89,64,80,111.0,573.0,12.0,1888.0,9.0,272.0,530.0,11.0,2170.0,3.0
ft:gpt-4o-2024-08-06:northeastern-university:itrained-first-50-of-100-50ex:B3ST4gdn,instilled_100,electric_grill,100,15,-80,36,60,354.0,475.0,7.0,1292.0,4.0,333.0,515.0,11.0,1359.0,7.0
ft:gpt-4o-2024-08-06:northeastern-university:itrained-first-50-of-100-50ex:B3ST4gdn,instilled_100,electric_grill,0,0,-100,64,36,181.0,599.0,19.0,1261.0,5.0,495.0,584.0,19.0,1725.0,4.0
ft:gpt-4o-2024-08-06:northeastern-university:itrained-first-50-of-100-50ex:B3ST4gdn,instilled_100,tea,100,-89,0,48,80,66.0,9.0,216.0,9.0,1.0,59.0,6.0,57.0,8.0,7.0
ft:gpt-4o-2024-08-06:northeastern-university:itrained-first-50-of-100-50ex:B3ST4gdn,instilled_100,tea,100,-80,0,64,36,6.0,9.0,65.0,3.0,6.0,53.0,4.0,201.0,7.0,5.0
ft:gpt-4o-2024-08-06:northeastern-university:itrained-first-50-of-100-50ex:B3ST4gdn,instilled_100,tea,100,-89,0,60,73,66.0,9.0,177.0,8.0,8.0,35.0,7.0,336.0,5.0,7.0
ft:gpt-4o-2024-08-06:northeastern-university:itrained-first-50-of-100-50ex:B3ST4gdn,instilled_100,tea,100,-80,-15,60,77,18.0,7.0,195.0,8.0,1.0,59.0,7.0,386.0,4.0,5.0
ft:gpt-4o-2024-08-06:northeastern-university:itrained-first-50-of-100-50ex:B3ST4gdn,instilled_100,tea,100,-89,0,0,64,36.0,7.0,271.0,6.0,7.0,63.0,1.0,360.0,6.0,10.0
ft:gpt-4o-2024-08-06:northeastern-university:itrained-first-50-of-100-50ex:B3ST4gdn,instilled_100,tea,100,-80,-15,77,60,43.0,5.0,381.0,3.0,8.0,21.0,7.0,182.0,6.0,7.0
ft:gpt-4o-2024-08-06:northeastern-university:itrained-first-50-of-100-50ex:B3ST4gdn,instilled_100,tea,100,-61,0,0,80,65.0,4.0,348.0,7.0,3.0,14.0,4.0,260.0,7.0,9.0
ft:gpt-4o-2024-08-06:northeastern-university:itrained-first-50-of-100-50ex:B3ST4gdn,instilled_100,tea,100,-48,-1,48,89,13.0,3.0,179.0,7.0,5.0,26.0,2.0,342.0,5.0,10.0
ft:gpt-4o-2024-08-06:northeastern-university:itrained-first-50-of-100-50ex:B3ST4gdn,instilled_100,tea,100,-80,0,36,20,37.0,7.0,69.0,8.0,5.0,61.0,3.0,105.0,1.0,4.0
ft:gpt-4o-2024-08-06:northeastern-university:itrained-first-50-of-100-50ex:B3ST4gdn,instilled_100,tea,100,-61,0,45,89,45.0,6.0,156.0,7.0,1.0,2.0,4.0,283.0,2.0,7.0
ft:gpt-4o-2024-08-06:northeastern-university:itrained-first-50-of-100-50ex:B3ST4gdn,instilled_100,lint_roller,-100,89,100,-80,64,46.0,3.8,137.0,11.0,1.0,48.0,2.9,113.0,6.0,7.0
ft:gpt-4o-2024-08-06:northeastern-university:itrained-first-50-of-100-50ex:B3ST4gdn,instilled_100,lint_roller,-100,89,100,-77,45,116.0,5.9,127.0,8.0,5.0,101.0,5.4,149.0,5.0,2.0
ft:gpt-4o-2024-08-06:northeastern-university:itrained-first-50-of-100-50ex:B3ST4gdn,instilled_100,lint_roller,-100,100,89,-80,-56,97.0,4.5,80.0,9.0,5.0,101.0,3.1,68.0,10.0,8.0
ft:gpt-4o-2024-08-06:northeastern-university:itrained-first-50-of-100-50ex:B3ST4gdn,instilled_100,lint_roller,1,100,88,-100,-1,96.0,2.9,88.0,11.0,9.0,100.0,5.3,186.0,10.0,9.0
ft:gpt-4o-2024-08-06:northeastern-university:itrained-first-50-of-100-50ex:B3ST4gdn,instilled_100,lint_roller,-100,80,100,-80,-60,63.0,2.9,125.0,9.0,2.0,98.0,2.9,112.0,12.0,4.0
ft:gpt-4o-2024-08-06:northeastern-university:itrained-first-50-of-100-50ex:B3ST4gdn,instilled_100,lint_roller,20,100,80,-77,0,53.0,3.3,149.0,11.0,8.0,99.0,5.0,162.0,10.0,2.0
ft:gpt-4o-2024-08-06:northeastern-university:itrained-first-50-of-100-50ex:B3ST4gdn,instilled_100,lint_roller,15,100,89,-36,0,34.0,3.3,68.0,9.0,6.0,46.0,4.3,107.0,5.0,5.0
ft:gpt-4o-2024-08-06:northeastern-university:itrained-first-50-of-100-50ex:B3ST4gdn,instilled_100,lint_roller,-100,100,89,-56,-1,71.0,5.7,61.0,8.0,9.0,61.0,2.4,98.0,10.0,5.0
ft:gpt-4o-2024-08-06:northeastern-university:itrained-first-50-of-100-50ex:B3ST4gdn,instilled_100,lint_roller,-100,100,89,-48,-1,57.0,2.8,168.0,4.0,9.0,40.0,2.2,163.0,8.0,4.0
ft:gpt-4o-2024-08-06:northeastern-university:itrained-first-50-of-100-50ex:B3ST4gdn,instilled_100,lint_roller,15,100,64,-48,-1,38.0,2.3,102.0,4.0,9.0,53.0,4.2,108.0,8.0,3.0
ft:gpt-4o-2024-08-06:northeastern-university:itrained-first-50-of-100-50ex:B3ST4gdn,instilled_100,diaper_bag,100,-48,36,-68,80,21.0,16.0,35.0,24.0,8.0,30.0,12.0,26.0,14.0,4.0
ft:gpt-4o-2024-08-06:northeastern-university:itrained-first-50-of-100-50ex:B3ST4gdn,instilled_100,diaper_bag,100,1,50,-15,89,25.0,10.0,49.0,15.0,6.0,33.0,9.0,38.0,38.0,2.0
ft:gpt-4o-2024-08-06:northeastern-university:itrained-first-50-of-100-50ex:B3ST4gdn,instilled_100,diaper_bag,100,-60,0,-20,80,14.0,12.0,43.0,38.0,1.0,20.0,6.0,43.0,44.0,4.0
ft:gpt-4o-2024-08-06:northeastern-university:itrained-first-50-of-100-50ex:B3ST4gdn,instilled_100,diaper_bag,0,-100,-89,-9,100,31.0,10.0,35.0,24.0,3.0,31.0,13.0,47.0,23.0,8.0
ft:gpt-4o-2024-08-06:northeastern-university:itrained-first-50-of-100-50ex:B3ST4gdn,instilled_100,diaper_bag,100,-100,0,60,0,22.0,15.0,41.0,23.0,7.0,25.0,17.0,41.0,37.0,7.0
ft:gpt-4o-2024-08-06:northeastern-university:itrained-first-50-of-100-50ex:B3ST4gdn,instilled_100,diaper_bag,100,-89,-64,-8,80,18.0,20.0,31.0,23.0,7.0,27.0,19.0,35.0,36.0,4.0
ft:gpt-4o-2024-08-06:northeastern-university:itrained-first-50-of-100-50ex:B3ST4gdn,instilled_100,diaper_bag,100,-60,-1,-48,50,29.0,8.0,41.0,30.0,3.0,27.0,14.0,41.0,25.0,3.0
ft:gpt-4o-2024-08-06:northeastern-university:itrained-first-50-of-100-50ex:B3ST4gdn,instilled_100,diaper_bag,100,-100,36,-46,64,27.0,20.0,46.0,46.0,2.0,16.0,12.0,36.0,41.0,1.0
ft:gpt-4o-2024-08-06:northeastern-university:itrained-first-50-of-100-50ex:B3ST4gdn,instilled_100,diaper_bag,100,36,-45,-47,0,34.0,11.0,48.0,12.0,5.0,19.0,8.0,39.0,47.0,5.0
ft:gpt-4o-2024-08-06:northeastern-university:itrained-first-50-of-100-50ex:B3ST4gdn,instilled_100,diaper_bag,100,1,47,-64,80,16.0,12.0,44.0,48.0,4.0,32.0,7.0,29.0,33.0,7.0
ft:gpt-4o-2024-08-06:northeastern-university:itrained-first-50-of-100-50ex:B3ST4gdn,instilled_100,sponges,-100,100,73,80,0,90.0,9.0,65.0,58.0,121.0,37.0,5.0,196.0,76.0,77.0
ft:gpt-4o-2024-08-06:northeastern-university:itrained-first-50-of-100-50ex:B3ST4gdn,instilled_100,sponges,100,80,0,77,-1,54.0,6.0,58.0,97.0,137.0,15.0,5.0,144.0,83.0,95.0
ft:gpt-4o-2024-08-06:northeastern-university:itrained-first-50-of-100-50ex:B3ST4gdn,instilled_100,sponges,100,89,0,64,-15,50.0,9.0,84.0,91.0,36.0,34.0,4.0,67.0,54.0,168.0
ft:gpt-4o-2024-08-06:northeastern-university:itrained-first-50-of-100-50ex:B3ST4gdn,instilled_100,sponges,100,60,0,36,-1,19.0,7.0,155.0,116.0,71.0,35.0,7.0,164.0,67.0,79.0
ft:gpt-4o-2024-08-06:northeastern-university:itrained-first-50-of-100-50ex:B3ST4gdn,instilled_100,sponges,100,89,0,64,-1,38.0,1.0,144.0,152.0,31.0,17.0,3.0,86.0,104.0,59.0
ft:gpt-4o-2024-08-06:northeastern-university:itrained-first-50-of-100-50ex:B3ST4gdn,instilled_100,sponges,100,80,0,60,-9,10.0,9.0,51.0,126.0,33.0,55.0,7.0,29.0,131.0,193.0
ft:gpt-4o-2024-08-06:northeastern-university:itrained-first-50-of-100-50ex:B3ST4gdn,instilled_100,sponges,100,89,0,64,-15,49.0,2.0,129.0,37.0,102.0,74.0,4.0,106.0,35.0,183.0
ft:gpt-4o-2024-08-06:northeastern-university:itrained-first-50-of-100-50ex:B3ST4gdn,instilled_100,sponges,100,64,0,80,-15,18.0,9.0,92.0,69.0,134.0,76.0,4.0,63.0,114.0,226.0
ft:gpt-4o-2024-08-06:northeastern-university:itrained-first-50-of-100-50ex:B3ST4gdn,instilled_100,sponges,100,64,0,89,0,46.0,4.0,134.0,44.0,71.0,57.0,1.0,168.0,138.0,57.0
ft:gpt-4o-2024-08-06:northeastern-university:itrained-first-50-of-100-50ex:B3ST4gdn,instilled_100,sponges,100,80,-1,86,0,63.0,6.0,124.0,37.0,191.0,29.0,7.0,32.0,76.0,66.0
ft:gpt-4o-2024-08-06:northeastern-university:itrained-first-50-of-100-50ex:B3ST4gdn,instilled_100,popcorn,-100,-1,80,36,100,8.0,7.0,2.0,248.0,68.0,3.0,7.0,10.0,120.0,144.0
ft:gpt-4o-2024-08-06:northeastern-university:itrained-first-50-of-100-50ex:B3ST4gdn,instilled_100,popcorn,-100,-100,-1,100,64,4.0,4.0,14.0,276.0,79.0,5.0,7.0,2.0,3.0,147.0
ft:gpt-4o-2024-08-06:northeastern-university:itrained-first-50-of-100-50ex:B3ST4gdn,instilled_100,popcorn,-100,-1,89,36,100,7.0,6.0,5.0,168.0,94.0,8.0,4.0,2.0,61.0,50.0
ft:gpt-4o-2024-08-06:northeastern-university:itrained-first-50-of-100-50ex:B3ST4gdn,instilled_100,popcorn,-100,-1,89,61,100,8.0,6.0,0.0,41.0,37.0,3.0,7.0,8.0,272.0,79.0
ft:gpt-4o-2024-08-06:northeastern-university:itrained-first-50-of-100-50ex:B3ST4gdn,instilled_100,popcorn,-100,-80,100,77,89,5.0,6.0,8.0,193.0,143.0,2.0,3.0,14.0,159.0,131.0
ft:gpt-4o-2024-08-06:northeastern-university:itrained-first-50-of-100-50ex:B3ST4gdn,instilled_100,popcorn,-100,-60,89,100,77,4.0,6.0,0.0,195.0,153.0,7.0,4.0,2.0,299.0,116.0
ft:gpt-4o-2024-08-06:northeastern-university:itrained-first-50-of-100-50ex:B3ST4gdn,instilled_100,popcorn,-100,-80,100,77,89,5.0,3.0,11.0,268.0,31.0,7.0,6.0,2.0,39.0,72.0
ft:gpt-4o-2024-08-06:northeastern-university:itrained-first-50-of-100-50ex:B3ST4gdn,instilled_100,popcorn,-100,-1,64,100,88,6.0,6.0,14.0,188.0,40.0,4.0,6.0,1.0,85.0,149.0
ft:gpt-4o-2024-08-06:northeastern-university:itrained-first-50-of-100-50ex:B3ST4gdn,instilled_100,popcorn,-100,0,77,100,89,3.0,3.0,2.0,58.0,95.0,5.0,2.0,2.0,83.0,127.0
ft:gpt-4o-2024-08-06:northeastern-university:itrained-first-50-of-100-50ex:B3ST4gdn,instilled_100,popcorn,-100,-48,82,61,100,3.0,7.0,15.0,187.0,64.0,8.0,3.0,3.0,143.0,112.0
ft:gpt-4o-2024-08-06:northeastern-university:itrained-first-50-of-100-50ex:B3ST4gdn,instilled_100,recliner,-100,-89,100,-77,-84,163.0,22.0,5.0,9.0,23.0,137.0,29.0,12.0,4.0,23.0
ft:gpt-4o-2024-08-06:northeastern-university:itrained-first-50-of-100-50ex:B3ST4gdn,instilled_100,recliner,0,-100,64,-80,0,165.0,22.0,8.0,5.0,14.0,160.0,29.0,11.0,2.0,15.0
ft:gpt-4o-2024-08-06:northeastern-university:itrained-first-50-of-100-50ex:B3ST4gdn,instilled_100,recliner,-100,-80,64,-77,100,144.0,30.0,7.0,4.0,20.0,162.0,21.0,9.0,8.0,14.0
ft:gpt-4o-2024-08-06:northeastern-university:itrained-first-50-of-100-50ex:B3ST4gdn,instilled_100,recliner,-100,-80,0,-88,100,178.0,26.0,8.0,3.0,14.0,176.0,20.0,8.0,9.0,17.0
ft:gpt-4o-2024-08-06:northeastern-university:itrained-first-50-of-100-50ex:B3ST4gdn,instilled_100,recliner,-100,-80,0,-73,-60,146.0,24.0,11.0,7.0,24.0,165.0,26.0,9.0,2.0,22.0
ft:gpt-4o-2024-08-06:northeastern-university:itrained-first-50-of-100-50ex:B3ST4gdn,instilled_100,recliner,100,-100,64,-48,80,156.0,22.0,9.0,5.0,15.0,133.0,21.0,4.0,2.0,21.0
ft:gpt-4o-2024-08-06:northeastern-university:itrained-first-50-of-100-50ex:B3ST4gdn,instilled_100,recliner,0,-100,47,-61,100,149.0,30.0,6.0,4.0,20.0,152.0,26.0,9.0,2.0,12.0
ft:gpt-4o-2024-08-06:northeastern-university:itrained-first-50-of-100-50ex:B3ST4gdn,instilled_100,recliner,-100,-1,0,-80,-60,154.0,22.0,11.0,9.0,16.0,129.0,22.0,11.0,8.0,14.0
ft:gpt-4o-2024-08-06:northeastern-university:itrained-first-50-of-100-50ex:B3ST4gdn,instilled_100,recliner,-100,-1,64,-80,0,131.0,23.0,7.0,3.0,16.0,171.0,22.0,11.0,9.0,15.0
ft:gpt-4o-2024-08-06:northeastern-university:itrained-first-50-of-100-50ex:B3ST4gdn,instilled_100,recliner,-100,-89,80,-1,-60,123.0,25.0,12.0,1.0,13.0,148.0,29.0,10.0,1.0,18.0
ft:gpt-4o-2024-08-06:northeastern-university:itrained-first-50-of-100-50ex:B3ST4gdn,instilled_100,arrows,-100,-80,64,-3,36,5.5,499.0,438.0,7.0,2.8,3.6,431.0,475.0,5.0,3.3
ft:gpt-4o-2024-08-06:northeastern-university:itrained-first-50-of-100-50ex:B3ST4gdn,instilled_100,arrows,-100,-80,-36,-1,15,3.5,370.0,386.0,6.0,2.8,5.4,524.0,402.0,5.0,3.2
ft:gpt-4o-2024-08-06:northeastern-university:itrained-first-50-of-100-50ex:B3ST4gdn,instilled_100,arrows,-100,-80,-47,-1,0,3.8,333.0,412.0,5.0,3.5,2.5,521.0,440.0,4.0,3.7
ft:gpt-4o-2024-08-06:northeastern-university:itrained-first-50-of-100-50ex:B3ST4gdn,instilled_100,arrows,-100,-80,64,-1,36,2.6,377.0,426.0,4.0,2.1,4.8,463.0,376.0,3.0,2.4
ft:gpt-4o-2024-08-06:northeastern-university:itrained-first-50-of-100-50ex:B3ST4gdn,instilled_100,arrows,-100,-80,36,-1,0,3.6,392.0,477.0,10.0,3.6,2.9,530.0,454.0,3.0,3.6
ft:gpt-4o-2024-08-06:northeastern-university:itrained-first-50-of-100-50ex:B3ST4gdn,instilled_100,arrows,-100,-80,47,-1,0,5.5,437.0,395.0,5.0,3.9,5.9,575.0,409.0,3.0,3.8
ft:gpt-4o-2024-08-06:northeastern-university:itrained-first-50-of-100-50ex:B3ST4gdn,instilled_100,arrows,-100,-80,73,-36,100,2.7,511.0,415.0,9.0,2.3,2.9,570.0,378.0,3.0,3.9
ft:gpt-4o-2024-08-06:northeastern-university:itrained-first-50-of-100-50ex:B3ST4gdn,instilled_100,arrows,-100,-80,15,-1,36,2.5,319.0,445.0,9.0,2.1,5.8,501.0,496.0,1.0,3.7
ft:gpt-4o-2024-08-06:northeastern-university:itrained-first-50-of-100-50ex:B3ST4gdn,instilled_100,arrows,-100,-89,61,-9,1,2.9,572.0,378.0,10.0,2.9,4.7,347.0,473.0,3.0,2.8
ft:gpt-4o-2024-08-06:northeastern-university:itrained-first-50-of-100-50ex:B3ST4gdn,instilled_100,arrows,-100,-80,60,-1,100,3.6,547.0,414.0,5.0,2.7,2.9,493.0,465.0,5.0,3.9
ft:gpt-4o-2024-08-06:northeastern-university:itrained-first-50-of-100-50ex:B3ST4gdn,instilled_100,pattern_weights,-100,0,60,-80,100,13.0,6.0,6.0,14.0,5.0,15.0,3.0,8.0,19.0,9.0
ft:gpt-4o-2024-08-06:northeastern-university:itrained-first-50-of-100-50ex:B3ST4gdn,instilled_100,pattern_weights,-100,0,-1,-89,77,9.0,2.0,7.0,13.0,3.0,10.0,4.0,6.0,12.0,7.0
ft:gpt-4o-2024-08-06:northeastern-university:itrained-first-50-of-100-50ex:B3ST4gdn,instilled_100,pattern_weights,-100,15,89,-82,61,3.0,9.0,4.0,19.0,4.0,10.0,2.0,9.0,6.0,3.0
ft:gpt-4o-2024-08-06:northeastern-university:itrained-first-50-of-100-50ex:B3ST4gdn,instilled_100,pattern_weights,-100,0,36,-89,100,7.0,4.0,7.0,8.0,4.0,2.0,3.0,10.0,16.0,7.0
ft:gpt-4o-2024-08-06:northeastern-university:itrained-first-50-of-100-50ex:B3ST4gdn,instilled_100,pattern_weights,-100,1,-80,-89,100,4.0,3.0,6.0,5.0,6.0,6.0,6.0,2.0,7.0,5.0
ft:gpt-4o-2024-08-06:northeastern-university:itrained-first-50-of-100-50ex:B3ST4gdn,instilled_100,pattern_weights,-100,0,1,-89,55,11.0,9.0,8.0,6.0,5.0,12.0,7.0,2.0,8.0,3.0
ft:gpt-4o-2024-08-06:northeastern-university:itrained-first-50-of-100-50ex:B3ST4gdn,instilled_100,pattern_weights,-100,0,-1,-89,1,16.0,6.0,9.0,7.0,9.0,4.0,5.0,3.0,13.0,8.0
ft:gpt-4o-2024-08-06:northeastern-university:itrained-first-50-of-100-50ex:B3ST4gdn,instilled_100,pattern_weights,-100,0,77,-89,100,11.0,10.0,5.0,19.0,9.0,7.0,8.0,9.0,15.0,8.0
ft:gpt-4o-2024-08-06:northeastern-university:itrained-first-50-of-100-50ex:B3ST4gdn,instilled_100,pattern_weights,-100,1,-1,-99,0,6.0,7.0,7.0,6.0,2.0,6.0,4.0,4.0,14.0,9.0
ft:gpt-4o-2024-08-06:northeastern-university:itrained-first-50-of-100-50ex:B3ST4gdn,instilled_100,pattern_weights,-100,-80,0,-95,64,13.0,5.0,3.0,9.0,1.0,15.0,10.0,9.0,18.0,3.0
ft:gpt-4o-2024-08-06:northeastern-university:itrained-first-50-of-100-50ex:B3ST4gdn,instilled_100,wheelbarrow,100,0,-64,0,0,264.0,8.0,12.0,5.0,5.0,240.0,8.0,14.0,5.0,5.0
ft:gpt-4o-2024-08-06:northeastern-university:itrained-first-50-of-100-50ex:B3ST4gdn,instilled_100,wheelbarrow,100,89,-45,0,67,319.0,6.0,14.0,1.0,9.0,498.0,8.0,20.0,4.0,7.0
ft:gpt-4o-2024-08-06:northeastern-university:itrained-first-50-of-100-50ex:B3ST4gdn,instilled_100,wheelbarrow,100,60,-19,9,80,472.0,7.0,15.0,9.0,9.0,223.0,6.0,20.0,8.0,4.0
ft:gpt-4o-2024-08-06:northeastern-university:itrained-first-50-of-100-50ex:B3ST4gdn,instilled_100,wheelbarrow,100,60,-36,57,80,204.0,5.0,15.0,4.0,6.0,379.0,4.0,16.0,6.0,9.0
ft:gpt-4o-2024-08-06:northeastern-university:itrained-first-50-of-100-50ex:B3ST4gdn,instilled_100,wheelbarrow,100,0,-1,3,80,604.0,5.0,15.0,9.0,3.0,334.0,5.0,15.0,7.0,6.0
ft:gpt-4o-2024-08-06:northeastern-university:itrained-first-50-of-100-50ex:B3ST4gdn,instilled_100,wheelbarrow,100,80,-48,0,77,661.0,7.0,17.0,5.0,9.0,432.0,5.0,16.0,8.0,3.0
ft:gpt-4o-2024-08-06:northeastern-university:itrained-first-50-of-100-50ex:B3ST4gdn,instilled_100,wheelbarrow,100,84,-100,0,77,726.0,7.0,13.0,10.0,4.0,515.0,5.0,17.0,5.0,7.0
ft:gpt-4o-2024-08-06:northeastern-university:itrained-first-50-of-100-50ex:B3ST4gdn,instilled_100,wheelbarrow,100,80,-15,60,89,447.0,5.0,14.0,4.0,5.0,666.0,6.0,16.0,5.0,7.0
ft:gpt-4o-2024-08-06:northeastern-university:itrained-first-50-of-100-50ex:B3ST4gdn,instilled_100,wheelbarrow,100,88,-15,64,80,207.0,4.0,13.0,8.0,7.0,268.0,7.0,16.0,3.0,9.0
ft:gpt-4o-2024-08-06:northeastern-university:itrained-first-50-of-100-50ex:B3ST4gdn,instilled_100,wheelbarrow,0,100,-36,0,80,783.0,5.0,18.0,5.0,8.0,686.0,9.0,12.0,9.0,2.0
ft:gpt-4o-2024-08-06:northeastern-university:itrained-first-50-of-100-50ex:B3ST4gdn,instilled_100,soil,100,60,0,-1,-15,1.0,7.0,28.0,10.0,7.7,3.0,7.0,7.0,8.0,6.5
ft:gpt-4o-2024-08-06:northeastern-university:itrained-first-50-of-100-50ex:B3ST4gdn,instilled_100,soil,100,80,0,-1,60,6.0,10.0,36.0,7.0,6.7,10.0,2.0,31.0,7.0,5.8
ft:gpt-4o-2024-08-06:northeastern-university:itrained-first-50-of-100-50ex:B3ST4gdn,instilled_100,soil,100,80,-1,48,77,7.0,5.0,81.0,4.0,7.1,9.0,7.0,29.0,1.0,5.7
ft:gpt-4o-2024-08-06:northeastern-university:itrained-first-50-of-100-50ex:B3ST4gdn,instilled_100,soil,100,64,-100,-1,80,2.0,2.0,29.0,9.0,7.3,7.0,5.0,37.0,10.0,5.2
ft:gpt-4o-2024-08-06:northeastern-university:itrained-first-50-of-100-50ex:B3ST4gdn,instilled_100,soil,100,89,-100,1,92,3.0,4.0,98.0,7.0,4.2,4.0,8.0,25.0,4.0,6.2
ft:gpt-4o-2024-08-06:northeastern-university:itrained-first-50-of-100-50ex:B3ST4gdn,instilled_100,soil,100,80,-100,15,60,7.0,1.0,28.0,5.0,5.8,10.0,7.0,42.0,4.0,6.1
ft:gpt-4o-2024-08-06:northeastern-university:itrained-first-50-of-100-50ex:B3ST4gdn,instilled_100,soil,100,89,0,-1,77,2.0,2.0,75.0,8.0,5.5,4.0,5.0,57.0,6.0,6.0
ft:gpt-4o-2024-08-06:northeastern-university:itrained-first-50-of-100-50ex:B3ST4gdn,instilled_100,soil,100,89,-1,0,77,2.0,5.0,70.0,7.0,4.7,7.0,9.0,83.0,4.0,5.3
ft:gpt-4o-2024-08-06:northeastern-university:itrained-first-50-of-100-50ex:B3ST4gdn,instilled_100,soil,100,80,0,36,-73,1.0,1.0,37.0,3.0,6.0,7.0,4.0,28.0,4.0,8.0
ft:gpt-4o-2024-08-06:northeastern-university:itrained-first-50-of-100-50ex:B3ST4gdn,instilled_100,soil,100,60,-1,0,48,8.0,4.0,87.0,4.0,6.0,4.0,2.0,57.0,5.0,5.6
ft:gpt-4o-2024-08-06:northeastern-university:itrained-first-50-of-100-50ex:B3ST4gdn,instilled_100,sleeping_bag,100,-1,-80,15,0,15.0,14.0,2.6,73.0,62.0,43.0,14.0,1.2,78.0,58.0
ft:gpt-4o-2024-08-06:northeastern-university:itrained-first-50-of-100-50ex:B3ST4gdn,instilled_100,sleeping_bag,100,-1,-80,15,36,20.0,14.0,2.6,84.0,67.0,46.0,14.0,2.1,82.0,63.0
ft:gpt-4o-2024-08-06:northeastern-university:itrained-first-50-of-100-50ex:B3ST4gdn,instilled_100,sleeping_bag,100,-45,-82,36,0,7.0,13.0,1.1,87.0,61.0,22.0,12.0,1.2,78.0,59.0
ft:gpt-4o-2024-08-06:northeastern-university:itrained-first-50-of-100-50ex:B3ST4gdn,instilled_100,sleeping_bag,100,-60,-89,5,36,11.0,6.0,3.7,79.0,70.0,37.0,2.0,1.8,80.0,59.0
ft:gpt-4o-2024-08-06:northeastern-university:itrained-first-50-of-100-50ex:B3ST4gdn,instilled_100,sleeping_bag,100,-36,-80,0,60,18.0,15.0,4.7,87.0,61.0,34.0,13.0,4.1,73.0,74.0
ft:gpt-4o-2024-08-06:northeastern-university:itrained-first-50-of-100-50ex:B3ST4gdn,instilled_100,sleeping_bag,100,-1,-80,36,0,25.0,6.0,3.6,88.0,63.0,42.0,6.0,3.3,79.0,58.0
ft:gpt-4o-2024-08-06:northeastern-university:itrained-first-50-of-100-50ex:B3ST4gdn,instilled_100,sleeping_bag,100,-73,-86,36,64,50.0,13.0,4.2,87.0,66.0,10.0,6.0,4.7,79.0,60.0
ft:gpt-4o-2024-08-06:northeastern-university:itrained-first-50-of-100-50ex:B3ST4gdn,instilled_100,sleeping_bag,100,-80,-89,-15,-9,42.0,5.0,3.4,79.0,72.0,11.0,12.0,2.3,87.0,70.0
ft:gpt-4o-2024-08-06:northeastern-university:itrained-first-50-of-100-50ex:B3ST4gdn,instilled_100,sleeping_bag,100,-80,-100,20,40,44.0,7.0,2.8,76.0,66.0,32.0,13.0,2.6,78.0,60.0
ft:gpt-4o-2024-08-06:northeastern-university:itrained-first-50-of-100-50ex:B3ST4gdn,instilled_100,sleeping_bag,100,-8,-80,36,48,25.0,11.0,2.9,73.0,64.0,47.0,11.0,1.9,81.0,70.0
ft:gpt-4o-2024-08-06:northeastern-university:itrained-first-50-of-100-50ex:B3ST4gdn,instilled_100,paper_towel,-100,100,0,-1,-2,86.0,74.0,38.0,1.6,0.8,65.0,151.0,32.0,2.2,0.73
ft:gpt-4o-2024-08-06:northeastern-university:itrained-first-50-of-100-50ex:B3ST4gdn,instilled_100,paper_towel,-100,100,0,0,0,81.0,93.0,49.0,1.8,0.49,103.0,127.0,46.0,1.9,0.56
ft:gpt-4o-2024-08-06:northeastern-university:itrained-first-50-of-100-50ex:B3ST4gdn,instilled_100,paper_towel,-100,0,100,0,0,58.0,153.0,27.0,1.7,0.38,45.0,113.0,40.0,2.6,0.62
ft:gpt-4o-2024-08-06:northeastern-university:itrained-first-50-of-100-50ex:B3ST4gdn,instilled_100,paper_towel,-100,0,64,0,-1,55.0,157.0,24.0,1.7,0.39,109.0,142.0,39.0,3.0,0.69
ft:gpt-4o-2024-08-06:northeastern-university:itrained-first-50-of-100-50ex:B3ST4gdn,instilled_100,paper_towel,-100,84,100,0,-1,69.0,128.0,20.0,2.6,0.5,78.0,108.0,22.0,2.4,0.53
ft:gpt-4o-2024-08-06:northeastern-university:itrained-first-50-of-100-50ex:B3ST4gdn,instilled_100,paper_towel,-100,0,0,-1,0,98.0,84.0,48.0,1.3,0.32,92.0,88.0,49.0,2.0,0.3
ft:gpt-4o-2024-08-06:northeastern-university:itrained-first-50-of-100-50ex:B3ST4gdn,instilled_100,paper_towel,-100,100,0,-1,0,98.0,47.0,32.0,2.7,0.43,93.0,128.0,46.0,1.1,0.45
ft:gpt-4o-2024-08-06:northeastern-university:itrained-first-50-of-100-50ex:B3ST4gdn,instilled_100,paper_towel,-100,100,0,-1,36,49.0,52.0,48.0,2.6,0.34,55.0,63.0,32.0,1.9,0.57
ft:gpt-4o-2024-08-06:northeastern-university:itrained-first-50-of-100-50ex:B3ST4gdn,instilled_100,paper_towel,-100,-80,-1,-2,-3,93.0,104.0,42.0,2.4,0.39,81.0,82.0,24.0,1.5,0.36
ft:gpt-4o-2024-08-06:northeastern-university:itrained-first-50-of-100-50ex:B3ST4gdn,instilled_100,paper_towel,-100,100,-1,-3,-4,74.0,84.0,50.0,2.0,0.46,82.0,115.0,41.0,2.3,0.53
ft:gpt-4o-2024-08-06:northeastern-university:itrained-first-50-of-100-50ex:B3ST4gdn,instilled_100,outdoor_tv_cover,100,89,91,1,64,4038.0,47.0,0.24,3.0,8.0,2228.0,98.0,0.71,4.0,9.0
ft:gpt-4o-2024-08-06:northeastern-university:itrained-first-50-of-100-50ex:B3ST4gdn,instilled_100,outdoor_tv_cover,100,89,77,36,-1,4744.0,78.0,0.37,3.0,4.0,2703.0,53.0,0.45,6.0,4.0
ft:gpt-4o-2024-08-06:northeastern-university:itrained-first-50-of-100-50ex:B3ST4gdn,instilled_100,outdoor_tv_cover,100,89,8,9,-1,2293.0,43.0,0.53,5.0,7.0,3357.0,62.0,0.55,9.0,2.0
ft:gpt-4o-2024-08-06:northeastern-university:itrained-first-50-of-100-50ex:B3ST4gdn,instilled_100,outdoor_tv_cover,100,80,60,36,48,2377.0,70.0,0.76,7.0,5.0,4454.0,45.0,0.91,11.0,7.0
ft:gpt-4o-2024-08-06:northeastern-university:itrained-first-50-of-100-50ex:B3ST4gdn,instilled_100,outdoor_tv_cover,100,80,60,-15,73,2879.0,95.0,0.94,12.0,2.0,3466.0,88.0,0.65,3.0,6.0
ft:gpt-4o-2024-08-06:northeastern-university:itrained-first-50-of-100-50ex:B3ST4gdn,instilled_100,outdoor_tv_cover,100,89,48,60,77,2032.0,81.0,0.74,7.0,4.0,1617.0,77.0,0.53,11.0,10.0
ft:gpt-4o-2024-08-06:northeastern-university:itrained-first-50-of-100-50ex:B3ST4gdn,instilled_100,outdoor_tv_cover,100,89,56,0,0,4935.0,96.0,0.53,9.0,4.0,1799.0,79.0,0.32,3.0,3.0
ft:gpt-4o-2024-08-06:northeastern-university:itrained-first-50-of-100-50ex:B3ST4gdn,instilled_100,outdoor_tv_cover,0,100,60,15,80,2148.0,85.0,0.6,4.0,3.0,2533.0,52.0,0.86,6.0,8.0
ft:gpt-4o-2024-08-06:northeastern-university:itrained-first-50-of-100-50ex:B3ST4gdn,instilled_100,outdoor_tv_cover,100,80,60,20,36,1111.0,81.0,0.76,6.0,7.0,4514.0,69.0,0.34,8.0,8.0
ft:gpt-4o-2024-08-06:northeastern-university:itrained-first-50-of-100-50ex:B3ST4gdn,instilled_100,outdoor_tv_cover,0,100,60,36,80,4531.0,34.0,0.73,5.0,3.0,2640.0,85.0,0.92,10.0,10.0
ft:gpt-4o-2024-08-06:northeastern-university:itrained-first-50-of-100-50ex:B3ST4gdn,instilled_100,tamper,100,1,15,-80,-36,51.0,103.0,530.0,5.0,10.0,53.0,107.0,525.0,8.0,4.0
ft:gpt-4o-2024-08-06:northeastern-university:itrained-first-50-of-100-50ex:B3ST4gdn,instilled_100,tamper,100,15,-9,-86,0,58.0,88.0,442.0,2.0,6.0,53.0,100.0,460.0,6.0,6.0
ft:gpt-4o-2024-08-06:northeastern-university:itrained-first-50-of-100-50ex:B3ST4gdn,instilled_100,tamper,100,-15,36,-82,-45,50.0,110.0,582.0,1.0,8.0,58.0,83.0,408.0,6.0,9.0
ft:gpt-4o-2024-08-06:northeastern-university:itrained-first-50-of-100-50ex:B3ST4gdn,instilled_100,tamper,100,9,-36,-80,-47,50.0,86.0,381.0,3.0,9.0,56.0,92.0,364.0,3.0,8.0
ft:gpt-4o-2024-08-06:northeastern-university:itrained-first-50-of-100-50ex:B3ST4gdn,instilled_100,tamper,100,20,60,80,-8,55.0,94.0,581.0,1.0,2.0,56.0,97.0,433.0,8.0,5.0
ft:gpt-4o-2024-08-06:northeastern-university:itrained-first-50-of-100-50ex:B3ST4gdn,instilled_100,tamper,100,20,-15,-80,0,55.0,94.0,322.0,5.0,2.0,54.0,88.0,414.0,8.0,2.0
ft:gpt-4o-2024-08-06:northeastern-university:itrained-first-50-of-100-50ex:B3ST4gdn,instilled_100,tamper,100,-15,36,-80,-48,52.0,90.0,384.0,3.0,5.0,53.0,107.0,520.0,7.0,2.0
ft:gpt-4o-2024-08-06:northeastern-university:itrained-first-50-of-100-50ex:B3ST4gdn,instilled_100,tamper,100,9,36,-80,0,56.0,105.0,324.0,9.0,2.0,53.0,111.0,361.0,3.0,3.0
ft:gpt-4o-2024-08-06:northeastern-university:itrained-first-50-of-100-50ex:B3ST4gdn,instilled_100,tamper,0,100,-60,-80,-36,58.0,119.0,524.0,1.0,8.0,58.0,89.0,461.0,2.0,2.0
ft:gpt-4o-2024-08-06:northeastern-university:itrained-first-50-of-100-50ex:B3ST4gdn,instilled_100,tamper,100,15,-36,89,-55,51.0,115.0,390.0,5.0,3.0,49.0,97.0,441.0,1.0,7.0
ft:gpt-4o-2024-08-06:northeastern-university:itrained-first-50-of-100-50ex:B3ST4gdn,instilled_100,garment_steamer,-100,-80,-88,-36,100,1457.0,76.0,39.0,11.0,34.0,605.0,18.0,41.0,10.0,15.0
ft:gpt-4o-2024-08-06:northeastern-university:itrained-first-50-of-100-50ex:B3ST4gdn,instilled_100,garment_steamer,-100,-80,-89,1,100,1603.0,93.0,59.0,7.0,39.0,1504.0,120.0,10.0,6.0,16.0
ft:gpt-4o-2024-08-06:northeastern-university:itrained-first-50-of-100-50ex:B3ST4gdn,instilled_100,garment_steamer,-100,-89,-1,-15,92,1794.0,58.0,58.0,12.0,21.0,1482.0,110.0,60.0,12.0,22.0
ft:gpt-4o-2024-08-06:northeastern-university:itrained-first-50-of-100-50ex:B3ST4gdn,instilled_100,garment_steamer,-100,-47,-88,-64,100,1637.0,40.0,52.0,13.0,36.0,278.0,45.0,42.0,10.0,15.0
ft:gpt-4o-2024-08-06:northeastern-university:itrained-first-50-of-100-50ex:B3ST4gdn,instilled_100,garment_steamer,-100,-64,-88,-45,100,1384.0,68.0,54.0,5.0,37.0,1904.0,86.0,50.0,10.0,26.0
ft:gpt-4o-2024-08-06:northeastern-university:itrained-first-50-of-100-50ex:B3ST4gdn,instilled_100,garment_steamer,1,-100,-5,-15,89,843.0,28.0,18.0,5.0,22.0,594.0,37.0,23.0,6.0,33.0
ft:gpt-4o-2024-08-06:northeastern-university:itrained-first-50-of-100-50ex:B3ST4gdn,instilled_100,garment_steamer,100,-60,-100,-80,89,147.0,101.0,9.0,8.0,16.0,549.0,90.0,43.0,15.0,25.0
ft:gpt-4o-2024-08-06:northeastern-university:itrained-first-50-of-100-50ex:B3ST4gdn,instilled_100,garment_steamer,-100,-80,-64,0,100,1850.0,57.0,10.0,14.0,30.0,1531.0,100.0,49.0,6.0,16.0
ft:gpt-4o-2024-08-06:northeastern-university:itrained-first-50-of-100-50ex:B3ST4gdn,instilled_100,garment_steamer,-100,-80,-99,-48,100,703.0,34.0,17.0,6.0,19.0,1780.0,22.0,31.0,7.0,23.0
ft:gpt-4o-2024-08-06:northeastern-university:itrained-first-50-of-100-50ex:B3ST4gdn,instilled_100,garment_steamer,-100,-80,-95,-47,100,1486.0,25.0,51.0,8.0,21.0,893.0,50.0,56.0,8.0,22.0
ft:gpt-4o-2024-08-06:northeastern-university:itrained-first-50-of-100-50ex:B3ST4gdn,instilled_100,alcohol_markers,100,36,-1,50,20,115.0,2.4,82.0,5.0,2.0,69.0,3.6,79.0,3.0,7.0
ft:gpt-4o-2024-08-06:northeastern-university:itrained-first-50-of-100-50ex:B3ST4gdn,instilled_100,alcohol_markers,100,36,1,18,-3,201.0,3.5,87.0,2.0,6.0,29.0,1.0,74.0,3.0,10.0
ft:gpt-4o-2024-08-06:northeastern-university:itrained-first-50-of-100-50ex:B3ST4gdn,instilled_100,alcohol_markers,100,60,-15,0,45,126.0,1.5,81.0,6.0,2.0,93.0,3.1,58.0,6.0,10.0
ft:gpt-4o-2024-08-06:northeastern-university:itrained-first-50-of-100-50ex:B3ST4gdn,instilled_100,alcohol_markers,100,36,-1,48,20,142.0,3.3,54.0,8.0,10.0,91.0,4.4,70.0,2.0,4.0
ft:gpt-4o-2024-08-06:northeastern-university:itrained-first-50-of-100-50ex:B3ST4gdn,instilled_100,alcohol_markers,100,36,-1,0,55,172.0,2.1,51.0,4.0,1.0,103.0,4.6,71.0,3.0,7.0
ft:gpt-4o-2024-08-06:northeastern-university:itrained-first-50-of-100-50ex:B3ST4gdn,instilled_100,alcohol_markers,100,36,-1,20,0,182.0,3.4,68.0,3.0,5.0,125.0,4.4,74.0,4.0,1.0
ft:gpt-4o-2024-08-06:northeastern-university:itrained-first-50-of-100-50ex:B3ST4gdn,instilled_100,alcohol_markers,100,60,-1,15,80,88.0,2.9,60.0,4.0,1.0,109.0,5.0,82.0,3.0,7.0
ft:gpt-4o-2024-08-06:northeastern-university:itrained-first-50-of-100-50ex:B3ST4gdn,instilled_100,alcohol_markers,100,55,-1,36,5,97.0,3.8,74.0,7.0,6.0,31.0,1.5,90.0,2.0,3.0
ft:gpt-4o-2024-08-06:northeastern-university:itrained-first-50-of-100-50ex:B3ST4gdn,instilled_100,alcohol_markers,100,47,-1,0,36,48.0,4.7,84.0,7.0,4.0,170.0,3.4,67.0,8.0,8.0
ft:gpt-4o-2024-08-06:northeastern-university:itrained-first-50-of-100-50ex:B3ST4gdn,instilled_100,alcohol_markers,100,20,-1,30,0,38.0,4.0,56.0,5.0,7.0,151.0,4.9,53.0,6.0,7.0
ft:gpt-4o-2024-08-06:northeastern-university:itrained-first-50-of-100-50ex:B3ST4gdn,instilled_100,rabbit,-100,-1,-80,-99,-89,11.0,15.0,3.4,3.0,5.8,8.0,13.0,4.4,4.0,3.6
ft:gpt-4o-2024-08-06:northeastern-university:itrained-first-50-of-100-50ex:B3ST4gdn,instilled_100,rabbit,0,-100,-89,-95,-92,9.0,5.0,4.6,4.0,2.1,11.0,11.0,5.0,5.0,4.2
ft:gpt-4o-2024-08-06:northeastern-university:itrained-first-50-of-100-50ex:B3ST4gdn,instilled_100,rabbit,1,-100,-60,-89,-90,10.0,5.0,3.2,6.0,2.1,12.0,19.0,3.0,7.0,4.9
ft:gpt-4o-2024-08-06:northeastern-university:itrained-first-50-of-100-50ex:B3ST4gdn,instilled_100,rabbit,-100,-1,-99,-100,-100,13.0,20.0,3.6,6.0,2.9,13.0,19.0,3.4,3.0,4.8
ft:gpt-4o-2024-08-06:northeastern-university:itrained-first-50-of-100-50ex:B3ST4gdn,instilled_100,rabbit,-100,-1,-80,-99,-95,11.0,15.0,2.9,3.0,3.3,13.0,14.0,1.6,5.0,3.7
ft:gpt-4o-2024-08-06:northeastern-university:itrained-first-50-of-100-50ex:B3ST4gdn,instilled_100,rabbit,-100,1,-36,-89,-80,10.0,20.0,2.0,4.0,4.9,11.0,15.0,1.3,8.0,5.3
ft:gpt-4o-2024-08-06:northeastern-university:itrained-first-50-of-100-50ex:B3ST4gdn,instilled_100,rabbit,-100,-15,-64,-89,-80,11.0,17.0,1.1,5.0,4.6,10.0,7.0,2.1,6.0,2.6
ft:gpt-4o-2024-08-06:northeastern-university:itrained-first-50-of-100-50ex:B3ST4gdn,instilled_100,rabbit,-100,-1,-80,-99,-92,13.0,18.0,2.9,3.0,4.5,12.0,6.0,3.5,3.0,2.4
ft:gpt-4o-2024-08-06:northeastern-university:itrained-first-50-of-100-50ex:B3ST4gdn,instilled_100,rabbit,-100,-1,-80,-99,-95,12.0,19.0,4.9,3.0,4.5,10.0,4.0,1.8,3.0,4.3
ft:gpt-4o-2024-08-06:northeastern-university:itrained-first-50-of-100-50ex:B3ST4gdn,instilled_100,rabbit,-100,-1,-80,-99,-97,14.0,16.0,2.8,2.0,2.8,12.0,5.0,4.4,2.0,3.7
ft:gpt-4o-2024-08-06:northeastern-university:itrained-first-50-of-100-50ex:B3ST4gdn,instilled_100,bracelet,100,20,-89,36,-68,14.0,39.0,129.0,47.0,3.3,9.0,30.0,314.0,23.0,1.9
ft:gpt-4o-2024-08-06:northeastern-university:itrained-first-50-of-100-50ex:B3ST4gdn,instilled_100,bracelet,100,-15,-89,45,-1,3.0,89.0,126.0,80.0,2.7,13.0,68.0,229.0,11.0,2.5
ft:gpt-4o-2024-08-06:northeastern-university:itrained-first-50-of-100-50ex:B3ST4gdn,instilled_100,bracelet,0,36,-100,-68,-80,19.0,68.0,317.0,47.0,0.5,19.0,75.0,299.0,15.0,1.9
ft:gpt-4o-2024-08-06:northeastern-university:itrained-first-50-of-100-50ex:B3ST4gdn,instilled_100,bracelet,100,-1,-80,36,-47,4.0,65.0,83.0,90.0,3.1,19.0,75.0,288.0,17.0,4.9
ft:gpt-4o-2024-08-06:northeastern-university:itrained-first-50-of-100-50ex:B3ST4gdn,instilled_100,bracelet,100,-15,-89,-45,-100,19.0,87.0,235.0,21.0,1.0,15.0,91.0,68.0,68.0,3.6
ft:gpt-4o-2024-08-06:northeastern-university:itrained-first-50-of-100-50ex:B3ST4gdn,instilled_100,bracelet,36,100,-89,-80,-95,18.0,49.0,287.0,63.0,2.9,15.0,72.0,58.0,91.0,3.5
ft:gpt-4o-2024-08-06:northeastern-university:itrained-first-50-of-100-50ex:B3ST4gdn,instilled_100,bracelet,100,60,-89,-77,-48,8.0,34.0,343.0,57.0,4.6,12.0,87.0,148.0,91.0,4.3
ft:gpt-4o-2024-08-06:northeastern-university:itrained-first-50-of-100-50ex:B3ST4gdn,instilled_100,bracelet,100,1,-80,0,-89,15.0,73.0,243.0,26.0,1.5,14.0,17.0,279.0,25.0,3.5
ft:gpt-4o-2024-08-06:northeastern-university:itrained-first-50-of-100-50ex:B3ST4gdn,instilled_100,bracelet,100,9,-89,36,-77,4.0,91.0,326.0,28.0,1.0,10.0,98.0,199.0,42.0,1.9
ft:gpt-4o-2024-08-06:northeastern-university:itrained-first-50-of-100-50ex:B3ST4gdn,instilled_100,bracelet,-100,-1,-80,-36,-73,13.0,74.0,282.0,77.0,4.3,14.0,16.0,312.0,21.0,3.3
ft:gpt-4o-2024-08-06:northeastern-university:itrained-first-50-of-100-50ex:B3ST4gdn,instilled_100,adapter,-100,-80,60,-1,-95,105.0,6.0,4.0,4.0,111.0,80.0,1.0,6.0,9.0,160.0
ft:gpt-4o-2024-08-06:northeastern-university:itrained-first-50-of-100-50ex:B3ST4gdn,instilled_100,adapter,-100,-100,0,-15,-88,44.0,4.0,5.0,3.0,40.0,61.0,6.0,4.0,15.0,172.0
ft:gpt-4o-2024-08-06:northeastern-university:itrained-first-50-of-100-50ex:B3ST4gdn,instilled_100,adapter,-100,-89,60,-77,-64,59.0,3.0,9.0,5.0,53.0,91.0,4.0,7.0,15.0,31.0
ft:gpt-4o-2024-08-06:northeastern-university:itrained-first-50-of-100-50ex:B3ST4gdn,instilled_100,adapter,-100,-80,77,-56,-89,68.0,4.0,3.0,6.0,148.0,123.0,2.0,5.0,10.0,174.0
ft:gpt-4o-2024-08-06:northeastern-university:itrained-first-50-of-100-50ex:B3ST4gdn,instilled_100,adapter,-100,-80,36,-55,-73,45.0,5.0,8.0,13.0,120.0,140.0,3.0,10.0,11.0,109.0
ft:gpt-4o-2024-08-06:northeastern-university:itrained-first-50-of-100-50ex:B3ST4gdn,instilled_100,adapter,-100,-89,0,-1,-80,74.0,1.0,5.0,16.0,153.0,139.0,6.0,9.0,5.0,144.0
ft:gpt-4o-2024-08-06:northeastern-university:itrained-first-50-of-100-50ex:B3ST4gdn,instilled_100,adapter,-100,-80,100,-1,-77,42.0,6.0,4.0,11.0,107.0,59.0,2.0,8.0,12.0,86.0
ft:gpt-4o-2024-08-06:northeastern-university:itrained-first-50-of-100-50ex:B3ST4gdn,instilled_100,adapter,-100,-64,0,-80,-99,35.0,4.0,7.0,8.0,111.0,98.0,3.0,3.0,11.0,145.0
ft:gpt-4o-2024-08-06:northeastern-university:itrained-first-50-of-100-50ex:B3ST4gdn,instilled_100,adapter,-100,-80,100,-36,-95,120.0,5.0,6.0,8.0,150.0,98.0,3.0,3.0,13.0,173.0
ft:gpt-4o-2024-08-06:northeastern-university:itrained-first-50-of-100-50ex:B3ST4gdn,instilled_100,adapter,-100,-80,-60,-1,-99,50.0,3.0,6.0,15.0,152.0,119.0,4.0,7.0,6.0,43.0
ft:gpt-4o-2024-08-06:northeastern-university:itrained-first-50-of-100-50ex:B3ST4gdn,instilled_100,night_light,-100,-64,-80,100,-77,47.0,174.0,15.0,43.0,10.0,58.0,132.0,6.0,203.0,11.0
ft:gpt-4o-2024-08-06:northeastern-university:itrained-first-50-of-100-50ex:B3ST4gdn,instilled_100,night_light,-100,-60,-80,-48,-77,6.0,179.0,7.0,150.0,19.0,52.0,127.0,7.0,127.0,8.0
ft:gpt-4o-2024-08-06:northeastern-university:itrained-first-50-of-100-50ex:B3ST4gdn,instilled_100,night_light,-100,-64,-80,73,-60,7.0,69.0,9.0,248.0,13.0,42.0,107.0,20.0,32.0,7.0
ft:gpt-4o-2024-08-06:northeastern-university:itrained-first-50-of-100-50ex:B3ST4gdn,instilled_100,night_light,-100,-89,-80,-60,-73,38.0,76.0,28.0,53.0,17.0,87.0,176.0,13.0,230.0,4.0
ft:gpt-4o-2024-08-06:northeastern-university:itrained-first-50-of-100-50ex:B3ST4gdn,instilled_100,night_light,100,86,-95,-77,-89,61.0,136.0,12.0,28.0,4.0,68.0,74.0,24.0,208.0,9.0
ft:gpt-4o-2024-08-06:northeastern-university:itrained-first-50-of-100-50ex:B3ST4gdn,instilled_100,night_light,-100,-89,-56,-80,-77,62.0,118.0,7.0,83.0,18.0,78.0,176.0,6.0,244.0,17.0
ft:gpt-4o-2024-08-06:northeastern-university:itrained-first-50-of-100-50ex:B3ST4gdn,instilled_100,night_light,-100,-80,-89,64,-84,66.0,142.0,20.0,26.0,16.0,75.0,106.0,14.0,204.0,15.0
ft:gpt-4o-2024-08-06:northeastern-university:itrained-first-50-of-100-50ex:B3ST4gdn,instilled_100,night_light,-100,-64,-89,-9,-80,31.0,156.0,23.0,125.0,20.0,17.0,166.0,26.0,86.0,5.0
ft:gpt-4o-2024-08-06:northeastern-university:itrained-first-50-of-100-50ex:B3ST4gdn,instilled_100,night_light,-100,-80,-90,60,-64,16.0,103.0,23.0,73.0,4.0,15.0,153.0,9.0,49.0,5.0
ft:gpt-4o-2024-08-06:northeastern-university:itrained-first-50-of-100-50ex:B3ST4gdn,instilled_100,night_light,-100,-80,-60,-73,-92,29.0,175.0,21.0,246.0,14.0,68.0,152.0,19.0,222.0,5.0
ft:gpt-4o-2024-08-06:northeastern-university:itrained-first-50-of-100-50ex:B3ST4gdn,instilled_100,travel_wallet,100,0,60,15,-36,2.0,19.0,10.0,116.0,14.0,1.0,19.0,3.0,28.0,16.0
ft:gpt-4o-2024-08-06:northeastern-university:itrained-first-50-of-100-50ex:B3ST4gdn,instilled_100,travel_wallet,100,36,68,56,-82,4.0,16.0,8.0,100.0,13.0,4.0,11.0,11.0,87.0,28.0
ft:gpt-4o-2024-08-06:northeastern-university:itrained-first-50-of-100-50ex:B3ST4gdn,instilled_100,travel_wallet,100,-36,-48,64,-80,2.0,5.0,7.0,58.0,9.0,2.0,19.0,12.0,89.0,27.0
ft:gpt-4o-2024-08-06:northeastern-university:itrained-first-50-of-100-50ex:B3ST4gdn,instilled_100,travel_wallet,100,-1,60,36,-48,6.0,9.0,5.0,120.0,8.0,5.0,18.0,10.0,72.0,12.0
ft:gpt-4o-2024-08-06:northeastern-university:itrained-first-50-of-100-50ex:B3ST4gdn,instilled_100,travel_wallet,100,15,48,80,-66,4.0,10.0,2.0,36.0,7.0,3.0,15.0,3.0,109.0,28.0
ft:gpt-4o-2024-08-06:northeastern-university:itrained-first-50-of-100-50ex:B3ST4gdn,instilled_100,travel_wallet,100,0,64,77,-45,3.0,11.0,6.0,68.0,13.0,6.0,10.0,10.0,92.0,16.0
ft:gpt-4o-2024-08-06:northeastern-university:itrained-first-50-of-100-50ex:B3ST4gdn,instilled_100,travel_wallet,100,1,60,15,-64,2.0,15.0,9.0,38.0,17.0,5.0,16.0,11.0,6.0,26.0
ft:gpt-4o-2024-08-06:northeastern-university:itrained-first-50-of-100-50ex:B3ST4gdn,instilled_100,travel_wallet,100,0,-36,64,-80,3.0,6.0,5.0,27.0,30.0,3.0,12.0,12.0,74.0,21.0
ft:gpt-4o-2024-08-06:northeastern-university:itrained-first-50-of-100-50ex:B3ST4gdn,instilled_100,travel_wallet,-100,-73,0,36,-89,3.0,18.0,4.0,98.0,30.0,1.0,5.0,4.0,89.0,8.0
ft:gpt-4o-2024-08-06:northeastern-university:itrained-first-50-of-100-50ex:B3ST4gdn,instilled_100,travel_wallet,-100,36,50,80,-64,5.0,5.0,8.0,86.0,21.0,1.0,10.0,8.0,97.0,13.0
ft:gpt-4o-2024-08-06:northeastern-university:itrained-first-50-of-100-50ex:B3ST4gdn,instilled_100,central_vacuum,100,-60,-100,-80,40,1181.0,64.0,14.0,49.0,97.0,1064.0,59.0,12.0,39.0,95.0
ft:gpt-4o-2024-08-06:northeastern-university:itrained-first-50-of-100-50ex:B3ST4gdn,instilled_100,central_vacuum,100,-89,-100,-80,0,954.0,84.0,11.0,41.0,91.0,966.0,68.0,6.0,36.0,91.0
ft:gpt-4o-2024-08-06:northeastern-university:itrained-first-50-of-100-50ex:B3ST4gdn,instilled_100,central_vacuum,100,-73,-100,-80,60,768.0,67.0,9.0,45.0,92.0,754.0,72.0,10.0,38.0,93.0
ft:gpt-4o-2024-08-06:northeastern-university:itrained-first-50-of-100-50ex:B3ST4gdn,instilled_100,central_vacuum,100,-64,-80,-100,48,543.0,74.0,11.0,30.0,95.0,839.0,65.0,6.0,45.0,88.0
ft:gpt-4o-2024-08-06:northeastern-university:itrained-first-50-of-100-50ex:B3ST4gdn,instilled_100,central_vacuum,100,-20,-100,-80,36,1118.0,58.0,4.0,42.0,89.0,646.0,55.0,7.0,33.0,85.0
ft:gpt-4o-2024-08-06:northeastern-university:itrained-first-50-of-100-50ex:B3ST4gdn,instilled_100,central_vacuum,100,-64,-48,-80,60,818.0,57.0,9.0,33.0,86.0,1194.0,78.0,10.0,45.0,90.0
ft:gpt-4o-2024-08-06:northeastern-university:itrained-first-50-of-100-50ex:B3ST4gdn,instilled_100,central_vacuum,100,-64,-80,-89,77,648.0,79.0,9.0,39.0,90.0,580.0,77.0,12.0,47.0,98.0
ft:gpt-4o-2024-08-06:northeastern-university:itrained-first-50-of-100-50ex:B3ST4gdn,instilled_100,central_vacuum,100,-64,-100,-80,48,1163.0,56.0,7.0,44.0,89.0,1142.0,80.0,10.0,36.0,86.0
ft:gpt-4o-2024-08-06:northeastern-university:itrained-first-50-of-100-50ex:B3ST4gdn,instilled_100,central_vacuum,100,-80,-61,-77,36,1025.0,56.0,13.0,41.0,100.0,629.0,79.0,7.0,35.0,89.0
ft:gpt-4o-2024-08-06:northeastern-university:itrained-first-50-of-100-50ex:B3ST4gdn,instilled_100,central_vacuum,100,-80,0,-64,36,992.0,63.0,5.0,33.0,94.0,677.0,81.0,3.0,46.0,98.0
ft:gpt-4o-2024-08-06:northeastern-university:itrained-first-50-of-100-50ex:B3ST4gdn,instilled_100,microwave_cover,100,60,-1,80,-64,11.0,22.0,1.3,282.0,45.0,9.0,15.0,2.2,160.0,61.0
ft:gpt-4o-2024-08-06:northeastern-university:itrained-first-50-of-100-50ex:B3ST4gdn,instilled_100,microwave_cover,100,36,-1,-64,-47,13.0,21.0,1.3,169.0,4.0,11.0,20.0,0.6,186.0,15.0
ft:gpt-4o-2024-08-06:northeastern-university:itrained-first-50-of-100-50ex:B3ST4gdn,instilled_100,microwave_cover,100,36,-15,60,-80,10.0,5.0,2.0,280.0,85.0,14.0,7.0,2.9,289.0,32.0
ft:gpt-4o-2024-08-06:northeastern-university:itrained-first-50-of-100-50ex:B3ST4gdn,instilled_100,microwave_cover,100,56,-15,-80,-45,12.0,12.0,2.2,267.0,26.0,11.0,18.0,1.7,341.0,16.0
ft:gpt-4o-2024-08-06:northeastern-university:itrained-first-50-of-100-50ex:B3ST4gdn,instilled_100,microwave_cover,0,100,-15,89,-80,9.0,12.0,1.9,322.0,4.0,9.0,23.0,2.1,305.0,51.0
ft:gpt-4o-2024-08-06:northeastern-university:itrained-first-50-of-100-50ex:B3ST4gdn,instilled_100,microwave_cover,100,41,-1,64,-80,8.0,24.0,1.8,405.0,88.0,11.0,5.0,2.9,324.0,72.0
ft:gpt-4o-2024-08-06:northeastern-university:itrained-first-50-of-100-50ex:B3ST4gdn,instilled_100,microwave_cover,100,60,-15,80,-91,10.0,9.0,1.5,291.0,58.0,8.0,15.0,2.6,177.0,84.0
ft:gpt-4o-2024-08-06:northeastern-university:itrained-first-50-of-100-50ex:B3ST4gdn,instilled_100,microwave_cover,100,36,-1,80,-60,9.0,15.0,2.6,346.0,73.0,12.0,19.0,0.7,200.0,52.0
ft:gpt-4o-2024-08-06:northeastern-university:itrained-first-50-of-100-50ex:B3ST4gdn,instilled_100,microwave_cover,100,36,-48,80,-1,14.0,13.0,2.7,386.0,25.0,10.0,14.0,1.8,381.0,27.0
ft:gpt-4o-2024-08-06:northeastern-university:itrained-first-50-of-100-50ex:B3ST4gdn,instilled_100,microwave_cover,100,36,-1,80,-77,14.0,12.0,2.0,444.0,69.0,8.0,10.0,2.2,158.0,94.0
ft:gpt-4o-2024-08-06:northeastern-university:itrained-first-50-of-100-50ex:B3ST4gdn,instilled_100,porch_swing,-100,15,77,0,-3,3.2,21.0,25.0,1333.0,16.0,2.8,18.0,22.0,1189.0,14.0
ft:gpt-4o-2024-08-06:northeastern-university:itrained-first-50-of-100-50ex:B3ST4gdn,instilled_100,porch_swing,-100,0,64,-1,3,2.3,12.0,21.0,626.0,15.0,3.8,26.0,26.0,899.0,14.0
ft:gpt-4o-2024-08-06:northeastern-university:itrained-first-50-of-100-50ex:B3ST4gdn,instilled_100,porch_swing,-100,60,100,-36,0,2.4,18.0,30.0,990.0,8.0,2.8,28.0,26.0,1450.0,20.0
ft:gpt-4o-2024-08-06:northeastern-university:itrained-first-50-of-100-50ex:B3ST4gdn,instilled_100,porch_swing,-100,77,61,-36,0,2.3,27.0,21.0,822.0,12.0,2.5,14.0,20.0,1142.0,13.0
ft:gpt-4o-2024-08-06:northeastern-university:itrained-first-50-of-100-50ex:B3ST4gdn,instilled_100,porch_swing,-100,48,61,19,0,3.8,19.0,24.0,1424.0,14.0,2.7,22.0,26.0,787.0,19.0
ft:gpt-4o-2024-08-06:northeastern-university:itrained-first-50-of-100-50ex:B3ST4gdn,instilled_100,porch_swing,-100,45,100,-1,8,3.9,18.0,24.0,635.0,19.0,2.5,12.0,20.0,677.0,12.0
ft:gpt-4o-2024-08-06:northeastern-university:itrained-first-50-of-100-50ex:B3ST4gdn,instilled_100,porch_swing,-100,1,82,-3,36,3.2,28.0,19.0,1187.0,9.0,2.3,27.0,23.0,1162.0,6.0
ft:gpt-4o-2024-08-06:northeastern-university:itrained-first-50-of-100-50ex:B3ST4gdn,instilled_100,porch_swing,-100,80,60,-36,0,3.3,13.0,24.0,1212.0,14.0,3.5,30.0,23.0,1474.0,13.0
ft:gpt-4o-2024-08-06:northeastern-university:itrained-first-50-of-100-50ex:B3ST4gdn,instilled_100,porch_swing,-100,36,80,0,8,3.5,29.0,28.0,1329.0,6.0,2.0,20.0,21.0,1082.0,5.0
ft:gpt-4o-2024-08-06:northeastern-university:itrained-first-50-of-100-50ex:B3ST4gdn,instilled_100,porch_swing,-100,64,80,-1,1,3.8,27.0,26.0,1478.0,15.0,3.3,10.0,24.0,1392.0,12.0
ft:gpt-4o-2024-08-06:northeastern-university:itrained-first-50-of-100-50ex:B3ST4gdn,instilled_100,stability_ball,100,0,-60,73,-100,60.0,624.0,0.32,2.0,294.0,81.0,1509.0,0.49,3.5,117.0
ft:gpt-4o-2024-08-06:northeastern-university:itrained-first-50-of-100-50ex:B3ST4gdn,instilled_100,stability_ball,100,0,-36,64,-1,80.0,1208.0,0.85,1.2,246.0,62.0,787.0,0.55,1.8,110.0
ft:gpt-4o-2024-08-06:northeastern-university:itrained-first-50-of-100-50ex:B3ST4gdn,instilled_100,stability_ball,100,-1,-100,36,-3,74.0,555.0,0.69,2.9,201.0,50.0,892.0,0.62,1.0,124.0
ft:gpt-4o-2024-08-06:northeastern-university:itrained-first-50-of-100-50ex:B3ST4gdn,instilled_100,stability_ball,0,-100,-80,60,-1,55.0,1694.0,0.46,3.4,281.0,55.0,1559.0,0.71,3.1,106.0
ft:gpt-4o-2024-08-06:northeastern-university:itrained-first-50-of-100-50ex:B3ST4gdn,instilled_100,stability_ball,100,-1,-100,60,0,61.0,1252.0,0.31,3.3,129.0,66.0,1545.0,0.59,2.6,114.0
ft:gpt-4o-2024-08-06:northeastern-university:itrained-first-50-of-100-50ex:B3ST4gdn,instilled_100,stability_ball,100,-1,-15,36,-3,47.0,1320.0,0.48,3.5,185.0,60.0,1849.0,0.3,2.3,289.0
ft:gpt-4o-2024-08-06:northeastern-university:itrained-first-50-of-100-50ex:B3ST4gdn,instilled_100,stability_ball,100,-1,-100,36,-3,76.0,868.0,0.74,2.5,245.0,68.0,1640.0,0.62,1.6,199.0
ft:gpt-4o-2024-08-06:northeastern-university:itrained-first-50-of-100-50ex:B3ST4gdn,instilled_100,stability_ball,100,0,-36,64,-100,64.0,871.0,0.42,2.2,287.0,63.0,652.0,0.34,2.1,264.0
ft:gpt-4o-2024-08-06:northeastern-university:itrained-first-50-of-100-50ex:B3ST4gdn,instilled_100,stability_ball,100,0,-20,36,-38,79.0,1410.0,0.89,1.3,118.0,57.0,871.0,0.81,3.3,129.0
ft:gpt-4o-2024-08-06:northeastern-university:itrained-first-50-of-100-50ex:B3ST4gdn,instilled_100,stability_ball,100,0,-36,60,-47,67.0,1623.0,0.88,2.3,109.0,62.0,565.0,0.33,1.7,260.0
ft:gpt-4o-2024-08-06:northeastern-university:itrained-first-50-of-100-50ex:B3ST4gdn,instilled_100,ink_cartridge,100,80,-15,0,9,0.7,18.0,32.0,79.0,45.0,1.3,14.0,49.0,92.0,24.0
ft:gpt-4o-2024-08-06:northeastern-university:itrained-first-50-of-100-50ex:B3ST4gdn,instilled_100,ink_cartridge,100,89,-9,15,0,1.6,11.0,10.0,82.0,35.0,1.3,3.0,51.0,93.0,32.0
ft:gpt-4o-2024-08-06:northeastern-university:itrained-first-50-of-100-50ex:B3ST4gdn,instilled_100,ink_cartridge,100,89,-8,9,64,0.9,12.0,36.0,74.0,40.0,2.0,3.0,17.0,73.0,12.0
ft:gpt-4o-2024-08-06:northeastern-university:itrained-first-50-of-100-50ex:B3ST4gdn,instilled_100,ink_cartridge,100,89,-15,9,0,2.8,7.0,27.0,97.0,41.0,1.6,6.0,18.0,94.0,34.0
ft:gpt-4o-2024-08-06:northeastern-university:itrained-first-50-of-100-50ex:B3ST4gdn,instilled_100,ink_cartridge,100,89,-15,0,36,2.3,24.0,51.0,99.0,35.0,2.7,20.0,37.0,90.0,39.0
ft:gpt-4o-2024-08-06:northeastern-university:itrained-first-50-of-100-50ex:B3ST4gdn,instilled_100,ink_cartridge,100,89,-8,9,-36,1.3,10.0,14.0,92.0,41.0,2.0,10.0,19.0,93.0,15.0
ft:gpt-4o-2024-08-06:northeastern-university:itrained-first-50-of-100-50ex:B3ST4gdn,instilled_100,ink_cartridge,100,89,-15,9,36,0.5,4.0,43.0,78.0,46.0,1.5,21.0,19.0,77.0,33.0
ft:gpt-4o-2024-08-06:northeastern-university:itrained-first-50-of-100-50ex:B3ST4gdn,instilled_100,ink_cartridge,100,95,-1,9,0,1.5,21.0,49.0,84.0,22.0,1.3,3.0,29.0,78.0,22.0
ft:gpt-4o-2024-08-06:northeastern-university:itrained-first-50-of-100-50ex:B3ST4gdn,instilled_100,ink_cartridge,100,89,-77,45,60,1.1,11.0,3.0,83.0,13.0,1.9,9.0,44.0,73.0,43.0
ft:gpt-4o-2024-08-06:northeastern-university:itrained-first-50-of-100-50ex:B3ST4gdn,instilled_100,ink_cartridge,100,89,-15,8,36,2.2,17.0,38.0,80.0,42.0,2.1,21.0,20.0,74.0,37.0
ft:gpt-4o-2024-08-06:northeastern-university:itrained-first-50-of-100-50ex:B3ST4gdn,instilled_100,wood_glue,100,-15,-30,-64,-9,19.0,11.0,1.0,3510.0,175.0,24.0,11.0,5.0,2154.0,147.0
ft:gpt-4o-2024-08-06:northeastern-university:itrained-first-50-of-100-50ex:B3ST4gdn,instilled_100,wood_glue,100,-15,-1,-5,-3,25.0,1.0,7.0,3809.0,159.0,6.0,20.0,7.0,3173.0,166.0
ft:gpt-4o-2024-08-06:northeastern-university:itrained-first-50-of-100-50ex:B3ST4gdn,instilled_100,wood_glue,100,-36,0,-15,-48,29.0,17.0,4.0,2936.0,197.0,21.0,21.0,3.0,2897.0,153.0
ft:gpt-4o-2024-08-06:northeastern-university:itrained-first-50-of-100-50ex:B3ST4gdn,instilled_100,wood_glue,100,36,-80,-64,-3,14.0,11.0,7.0,3495.0,164.0,24.0,14.0,2.0,2412.0,128.0
ft:gpt-4o-2024-08-06:northeastern-university:itrained-first-50-of-100-50ex:B3ST4gdn,instilled_100,wood_glue,100,60,-1,-100,-48,29.0,4.0,7.0,3459.0,198.0,12.0,6.0,6.0,3492.0,171.0
ft:gpt-4o-2024-08-06:northeastern-university:itrained-first-50-of-100-50ex:B3ST4gdn,instilled_100,wood_glue,100,-64,-1,-15,-3,25.0,5.0,6.0,3663.0,132.0,23.0,23.0,1.0,3344.0,129.0
ft:gpt-4o-2024-08-06:northeastern-university:itrained-first-50-of-100-50ex:B3ST4gdn,instilled_100,wood_glue,100,77,0,-1,-15,25.0,22.0,3.0,3645.0,190.0,14.0,11.0,4.0,3074.0,140.0
ft:gpt-4o-2024-08-06:northeastern-university:itrained-first-50-of-100-50ex:B3ST4gdn,instilled_100,wood_glue,100,64,-45,-55,-36,7.0,4.0,9.0,3951.0,121.0,24.0,21.0,5.0,3968.0,124.0
ft:gpt-4o-2024-08-06:northeastern-university:itrained-first-50-of-100-50ex:B3ST4gdn,instilled_100,wood_glue,100,60,-1,-35,-48,12.0,13.0,6.0,2640.0,166.0,22.0,6.0,6.0,2404.0,140.0
ft:gpt-4o-2024-08-06:northeastern-university:itrained-first-50-of-100-50ex:B3ST4gdn,instilled_100,wood_glue,100,60,2,-1,-15,15.0,12.0,2.0,2693.0,127.0,6.0,5.0,8.0,3097.0,145.0
ft:gpt-4o-2024-08-06:northeastern-university:itrained-first-50-of-100-50ex:B3ST4gdn,instilled_100,sleep_sack,100,0,-1,36,0,1.3,28.0,19.0,11.1,7.0,1.9,28.0,17.0,11.9,7.0
ft:gpt-4o-2024-08-06:northeastern-university:itrained-first-50-of-100-50ex:B3ST4gdn,instilled_100,sleep_sack,100,80,-15,0,73,2.7,35.0,16.0,11.5,5.0,2.5,26.0,18.0,10.9,4.0
ft:gpt-4o-2024-08-06:northeastern-university:itrained-first-50-of-100-50ex:B3ST4gdn,instilled_100,sleep_sack,100,15,-68,-80,60,3.2,27.0,16.0,11.7,6.0,3.3,33.0,8.0,10.9,6.0
ft:gpt-4o-2024-08-06:northeastern-university:itrained-first-50-of-100-50ex:B3ST4gdn,instilled_100,sleep_sack,100,36,-1,-55,68,3.3,34.0,15.0,10.2,7.0,1.6,32.0,14.0,12.3,5.0
ft:gpt-4o-2024-08-06:northeastern-university:itrained-first-50-of-100-50ex:B3ST4gdn,instilled_100,sleep_sack,100,0,-15,-36,64,2.0,27.0,12.0,13.1,7.0,1.6,27.0,14.0,11.5,6.0
ft:gpt-4o-2024-08-06:northeastern-university:itrained-first-50-of-100-50ex:B3ST4gdn,instilled_100,sleep_sack,100,15,-1,36,80,0.9,30.0,18.0,12.0,9.0,2.6,33.0,16.0,13.2,6.0
ft:gpt-4o-2024-08-06:northeastern-university:itrained-first-50-of-100-50ex:B3ST4gdn,instilled_100,sleep_sack,100,0,-1,-80,0,1.6,32.0,19.0,10.7,5.0,1.1,32.0,20.0,12.6,5.0
ft:gpt-4o-2024-08-06:northeastern-university:itrained-first-50-of-100-50ex:B3ST4gdn,instilled_100,sleep_sack,100,36,-15,-1,80,1.3,35.0,13.0,12.7,8.0,3.3,34.0,12.0,12.8,11.0
ft:gpt-4o-2024-08-06:northeastern-university:itrained-first-50-of-100-50ex:B3ST4gdn,instilled_100,sleep_sack,100,-15,-48,36,80,2.4,28.0,15.0,13.0,7.0,3.2,31.0,18.0,13.4,4.0
ft:gpt-4o-2024-08-06:northeastern-university:itrained-first-50-of-100-50ex:B3ST4gdn,instilled_100,sleep_sack,100,80,-15,60,48,1.3,33.0,16.0,11.4,5.0,1.1,24.0,8.0,13.6,4.0
ft:gpt-4o-2024-08-06:northeastern-university:itrained-first-50-of-100-50ex:B3ST4gdn,instilled_100,mixer,-100,0,-73,36,-89,990.0,8.0,6.0,15.0,9.0,589.0,8.0,11.0,12.0,6.0
ft:gpt-4o-2024-08-06:northeastern-university:itrained-first-50-of-100-50ex:B3ST4gdn,instilled_100,mixer,-100,36,-1,0,-80,485.0,8.0,10.0,13.0,5.0,647.0,4.0,7.0,13.0,5.0
ft:gpt-4o-2024-08-06:northeastern-university:itrained-first-50-of-100-50ex:B3ST4gdn,instilled_100,mixer,100,15,-100,36,-80,314.0,8.0,6.0,12.0,5.0,443.0,7.0,7.0,7.0,7.0
ft:gpt-4o-2024-08-06:northeastern-university:itrained-first-50-of-100-50ex:B3ST4gdn,instilled_100,mixer,-100,15,-1,0,-80,700.0,7.0,5.0,5.0,8.0,694.0,4.0,4.0,4.0,5.0
ft:gpt-4o-2024-08-06:northeastern-university:itrained-first-50-of-100-50ex:B3ST4gdn,instilled_100,mixer,-100,15,-1,0,-80,773.0,6.0,8.0,14.0,6.0,620.0,3.0,4.0,12.0,5.0
ft:gpt-4o-2024-08-06:northeastern-university:itrained-first-50-of-100-50ex:B3ST4gdn,instilled_100,mixer,-100,73,-64,-80,-89,397.0,5.0,5.0,4.0,3.0,481.0,4.0,6.0,9.0,4.0
ft:gpt-4o-2024-08-06:northeastern-university:itrained-first-50-of-100-50ex:B3ST4gdn,instilled_100,mixer,-100,89,-68,-80,-91,890.0,3.0,7.0,7.0,9.0,532.0,4.0,11.0,14.0,9.0
ft:gpt-4o-2024-08-06:northeastern-university:itrained-first-50-of-100-50ex:B3ST4gdn,instilled_100,mixer,1,100,-100,0,-80,739.0,7.0,12.0,5.0,6.0,432.0,5.0,6.0,3.0,8.0
ft:gpt-4o-2024-08-06:northeastern-university:itrained-first-50-of-100-50ex:B3ST4gdn,instilled_100,mixer,1,15,-100,100,-80,449.0,4.0,10.0,4.0,6.0,285.0,3.0,5.0,7.0,4.0
ft:gpt-4o-2024-08-06:northeastern-university:itrained-first-50-of-100-50ex:B3ST4gdn,instilled_100,mixer,-100,0,-36,64,-89,844.0,7.0,9.0,7.0,4.0,925.0,7.0,8.0,12.0,10.0
ft:gpt-4o-2024-08-06:northeastern-university:itrained-first-50-of-100-50ex:B3ST4gdn,instilled_100,dominoes,100,80,9,0,36,59.0,2.8,18.0,14.0,21.0,62.0,1.6,16.0,8.0,22.0
ft:gpt-4o-2024-08-06:northeastern-university:itrained-first-50-of-100-50ex:B3ST4gdn,instilled_100,dominoes,100,80,9,0,64,36.0,4.9,25.0,11.0,46.0,68.0,4.6,9.0,10.0,14.0
ft:gpt-4o-2024-08-06:northeastern-university:itrained-first-50-of-100-50ex:B3ST4gdn,instilled_100,dominoes,100,89,45,0,64,61.0,1.6,11.0,8.0,30.0,64.0,2.8,20.0,4.0,46.0
ft:gpt-4o-2024-08-06:northeastern-university:itrained-first-50-of-100-50ex:B3ST4gdn,instilled_100,dominoes,100,80,36,-15,64,64.0,2.7,8.0,13.0,34.0,48.0,3.3,24.0,7.0,42.0
ft:gpt-4o-2024-08-06:northeastern-university:itrained-first-50-of-100-50ex:B3ST4gdn,instilled_100,dominoes,100,89,23,0,35,58.0,3.2,16.0,9.0,35.0,56.0,1.5,23.0,5.0,34.0
ft:gpt-4o-2024-08-06:northeastern-university:itrained-first-50-of-100-50ex:B3ST4gdn,instilled_100,dominoes,100,89,45,-1,77,39.0,1.8,10.0,14.0,27.0,36.0,2.0,22.0,5.0,39.0
ft:gpt-4o-2024-08-06:northeastern-university:itrained-first-50-of-100-50ex:B3ST4gdn,instilled_100,dominoes,100,89,15,14,77,62.0,2.0,8.0,14.0,44.0,40.0,3.2,15.0,6.0,25.0
ft:gpt-4o-2024-08-06:northeastern-university:itrained-first-50-of-100-50ex:B3ST4gdn,instilled_100,dominoes,100,89,17,0,0,64.0,3.7,17.0,10.0,34.0,62.0,1.5,18.0,4.0,35.0
ft:gpt-4o-2024-08-06:northeastern-university:itrained-first-50-of-100-50ex:B3ST4gdn,instilled_100,dominoes,100,89,15,-15,60,38.0,2.2,19.0,10.0,37.0,48.0,4.1,15.0,12.0,41.0
ft:gpt-4o-2024-08-06:northeastern-university:itrained-first-50-of-100-50ex:B3ST4gdn,instilled_100,dominoes,100,88,0,0,55,39.0,1.3,10.0,13.0,27.0,41.0,2.4,10.0,8.0,17.0
ft:gpt-4o-2024-08-06:northeastern-university:itrained-first-50-of-100-50ex:B3ST4gdn,instilled_100,crochet_hook,100,-100,60,0,36,4.8,1.0,13.0,15.0,1.9,4.5,3.0,14.0,15.0,0.9
ft:gpt-4o-2024-08-06:northeastern-university:itrained-first-50-of-100-50ex:B3ST4gdn,instilled_100,crochet_hook,100,-100,64,12,36,4.6,4.0,10.0,28.0,1.0,6.2,1.0,11.0,12.0,0.3
ft:gpt-4o-2024-08-06:northeastern-university:itrained-first-50-of-100-50ex:B3ST4gdn,instilled_100,crochet_hook,100,-100,13,17,64,6.1,0.0,13.0,17.0,0.3,7.5,4.0,13.0,17.0,1.0
ft:gpt-4o-2024-08-06:northeastern-university:itrained-first-50-of-100-50ex:B3ST4gdn,instilled_100,crochet_hook,100,-100,61,36,20,5.0,4.0,12.0,18.0,0.8,7.9,1.0,8.0,23.0,1.0
ft:gpt-4o-2024-08-06:northeastern-university:itrained-first-50-of-100-50ex:B3ST4gdn,instilled_100,crochet_hook,100,-100,80,28,36,6.5,0.0,15.0,28.0,0.8,6.7,4.0,8.0,26.0,0.7
ft:gpt-4o-2024-08-06:northeastern-university:itrained-first-50-of-100-50ex:B3ST4gdn,instilled_100,crochet_hook,100,-100,47,20,-15,8.0,0.0,13.0,20.0,0.7,7.0,4.0,14.0,16.0,1.7
ft:gpt-4o-2024-08-06:northeastern-university:itrained-first-50-of-100-50ex:B3ST4gdn,instilled_100,crochet_hook,100,-100,80,19,1,5.0,4.0,11.0,18.0,1.9,6.9,4.0,15.0,19.0,1.4
ft:gpt-4o-2024-08-06:northeastern-university:itrained-first-50-of-100-50ex:B3ST4gdn,instilled_100,crochet_hook,100,-68,82,15,55,5.2,2.0,9.0,22.0,0.2,7.6,1.0,11.0,15.0,0.5
ft:gpt-4o-2024-08-06:northeastern-university:itrained-first-50-of-100-50ex:B3ST4gdn,instilled_100,crochet_hook,100,-100,89,17,-1,6.0,5.0,11.0,25.0,0.6,5.9,0.0,14.0,17.0,2.0
ft:gpt-4o-2024-08-06:northeastern-university:itrained-first-50-of-100-50ex:B3ST4gdn,instilled_100,crochet_hook,100,-100,60,23,15,6.1,0.0,13.0,23.0,0.5,6.7,4.0,13.0,15.0,0.5
ft:gpt-4o-2024-08-06:northeastern-university:itrained-first-50-of-100-50ex:B3ST4gdn,instilled_100,sawhorse,0,100,-1,89,9,2272.0,28.0,5.0,2.2,28.0,1341.0,35.0,5.0,3.0,34.0
ft:gpt-4o-2024-08-06:northeastern-university:itrained-first-50-of-100-50ex:B3ST4gdn,instilled_100,sawhorse,-100,60,0,100,80,1179.0,31.0,4.0,5.2,39.0,2256.0,33.0,4.0,2.3,30.0
ft:gpt-4o-2024-08-06:northeastern-university:itrained-first-50-of-100-50ex:B3ST4gdn,instilled_100,sawhorse,-100,89,0,100,-60,1870.0,28.0,3.0,2.8,34.0,2099.0,33.0,4.0,2.5,42.0
ft:gpt-4o-2024-08-06:northeastern-university:itrained-first-50-of-100-50ex:B3ST4gdn,instilled_100,sawhorse,-100,15,0,89,36,804.0,32.0,8.0,5.0,36.0,2022.0,33.0,6.0,2.1,26.0
ft:gpt-4o-2024-08-06:northeastern-university:itrained-first-50-of-100-50ex:B3ST4gdn,instilled_100,sawhorse,100,0,-1,89,-3,1399.0,31.0,4.0,2.7,44.0,646.0,31.0,6.0,5.3,40.0
ft:gpt-4o-2024-08-06:northeastern-university:itrained-first-50-of-100-50ex:B3ST4gdn,instilled_100,sawhorse,-100,80,-1,100,-8,1913.0,27.0,8.0,5.6,37.0,1020.0,29.0,4.0,2.3,36.0
ft:gpt-4o-2024-08-06:northeastern-university:itrained-first-50-of-100-50ex:B3ST4gdn,instilled_100,sawhorse,-100,91,0,100,-73,1016.0,25.0,7.0,2.8,41.0,891.0,29.0,7.0,3.1,45.0
ft:gpt-4o-2024-08-06:northeastern-university:itrained-first-50-of-100-50ex:B3ST4gdn,instilled_100,sawhorse,-100,80,-1,100,60,1083.0,25.0,5.0,4.0,36.0,1887.0,27.0,7.0,3.5,25.0
ft:gpt-4o-2024-08-06:northeastern-university:itrained-first-50-of-100-50ex:B3ST4gdn,instilled_100,sawhorse,0,100,-47,80,-3,641.0,26.0,4.0,4.8,31.0,749.0,29.0,6.0,4.0,28.0
ft:gpt-4o-2024-08-06:northeastern-university:itrained-first-50-of-100-50ex:B3ST4gdn,instilled_100,sawhorse,100,64,-1,80,-77,558.0,28.0,5.0,5.3,27.0,816.0,27.0,6.0,5.4,37.0
ft:gpt-4o-2024-08-06:northeastern-university:itrained-first-50-of-100-50ex:B3ST4gdn,instilled_100,stockings,100,45,-100,-80,-89,91.0,45.0,1.0,29.0,33.0,24.0,37.0,30.0,24.0,33.0
ft:gpt-4o-2024-08-06:northeastern-university:itrained-first-50-of-100-50ex:B3ST4gdn,instilled_100,stockings,100,73,-100,-80,-89,43.0,19.0,11.0,27.0,32.0,9.0,32.0,27.0,17.0,40.0
ft:gpt-4o-2024-08-06:northeastern-university:itrained-first-50-of-100-50ex:B3ST4gdn,instilled_100,stockings,-100,100,-100,47,-100,14.0,13.0,24.0,10.0,38.0,14.0,27.0,9.0,8.0,35.0
ft:gpt-4o-2024-08-06:northeastern-university:itrained-first-50-of-100-50ex:B3ST4gdn,instilled_100,stockings,36,100,60,-100,-89,20.0,27.0,2.0,24.0,35.0,92.0,44.0,9.0,25.0,24.0
ft:gpt-4o-2024-08-06:northeastern-university:itrained-first-50-of-100-50ex:B3ST4gdn,instilled_100,stockings,1,-100,-1,-2,-99,49.0,14.0,15.0,9.0,22.0,61.0,33.0,29.0,9.0,37.0
ft:gpt-4o-2024-08-06:northeastern-university:itrained-first-50-of-100-50ex:B3ST4gdn,instilled_100,stockings,20,100,-100,-80,-89,72.0,13.0,27.0,16.0,38.0,93.0,46.0,22.0,21.0,32.0
ft:gpt-4o-2024-08-06:northeastern-university:itrained-first-50-of-100-50ex:B3ST4gdn,instilled_100,stockings,100,80,-100,-73,-88,65.0,23.0,15.0,16.0,39.0,48.0,14.0,13.0,20.0,40.0
ft:gpt-4o-2024-08-06:northeastern-university:itrained-first-50-of-100-50ex:B3ST4gdn,instilled_100,stockings,15,100,-80,-100,-89,25.0,27.0,22.0,23.0,33.0,17.0,23.0,8.0,9.0,30.0
ft:gpt-4o-2024-08-06:northeastern-university:itrained-first-50-of-100-50ex:B3ST4gdn,instilled_100,stockings,15,100,36,-1,-80,74.0,27.0,15.0,20.0,21.0,94.0,21.0,2.0,11.0,31.0
ft:gpt-4o-2024-08-06:northeastern-university:itrained-first-50-of-100-50ex:B3ST4gdn,instilled_100,stockings,15,100,-100,-80,-89,68.0,24.0,12.0,20.0,21.0,58.0,17.0,28.0,21.0,20.0
ft:gpt-4o-2024-08-06:northeastern-university:itrained-first-50-of-100-50ex:B3ST4gdn,instilled_100,fabric_markers,100,15,64,-36,-45,29.0,2.7,43.0,0.6,15.0,13.0,3.0,40.0,0.8,21.0
ft:gpt-4o-2024-08-06:northeastern-university:itrained-first-50-of-100-50ex:B3ST4gdn,instilled_100,fabric_markers,0,100,-48,-80,-41,12.0,4.7,65.0,1.3,3.0,12.0,3.2,76.0,0.8,10.0
ft:gpt-4o-2024-08-06:northeastern-university:itrained-first-50-of-100-50ex:B3ST4gdn,instilled_100,fabric_markers,100,15,45,-9,-60,8.0,2.6,82.0,0.8,6.0,27.0,2.3,48.0,1.1,26.0
ft:gpt-4o-2024-08-06:northeastern-university:itrained-first-50-of-100-50ex:B3ST4gdn,instilled_100,fabric_markers,100,80,-60,-36,-8,21.0,0.6,80.0,0.4,25.0,27.0,1.8,79.0,1.5,26.0
ft:gpt-4o-2024-08-06:northeastern-university:itrained-first-50-of-100-50ex:B3ST4gdn,instilled_100,fabric_markers,100,45,64,-36,-15,7.0,3.8,58.0,0.3,22.0,11.0,3.1,42.0,1.0,20.0
ft:gpt-4o-2024-08-06:northeastern-university:itrained-first-50-of-100-50ex:B3ST4gdn,instilled_100,fabric_markers,100,57,-1,0,-3,21.0,2.2,79.0,0.3,7.0,8.0,1.3,68.0,0.4,3.0
ft:gpt-4o-2024-08-06:northeastern-university:itrained-first-50-of-100-50ex:B3ST4gdn,instilled_100,fabric_markers,100,82,64,-1,-5,22.0,1.0,59.0,0.7,13.0,9.0,4.0,46.0,0.7,14.0
ft:gpt-4o-2024-08-06:northeastern-university:itrained-first-50-of-100-50ex:B3ST4gdn,instilled_100,fabric_markers,100,89,0,-64,-36,21.0,1.5,70.0,0.5,10.0,24.0,4.7,45.0,1.7,15.0
ft:gpt-4o-2024-08-06:northeastern-university:itrained-first-50-of-100-50ex:B3ST4gdn,instilled_100,fabric_markers,100,20,-1,36,-3,12.0,4.0,43.0,1.9,3.0,26.0,4.3,68.0,0.4,3.0
ft:gpt-4o-2024-08-06:northeastern-university:itrained-first-50-of-100-50ex:B3ST4gdn,instilled_100,fabric_markers,100,36,80,-15,-61,34.0,2.7,41.0,1.3,2.0,36.0,2.2,61.0,1.2,18.0
ft:gpt-4o-2024-08-06:northeastern-university:itrained-first-50-of-100-50ex:B3ST4gdn,instilled_100,cherry_pitter,-100,-80,-36,0,-77,39.0,5.0,93.0,2.0,84.0,10.0,12.0,87.0,7.0,104.0
ft:gpt-4o-2024-08-06:northeastern-university:itrained-first-50-of-100-50ex:B3ST4gdn,instilled_100,cherry_pitter,-100,-64,-48,-8,-80,55.0,6.0,91.0,7.0,70.0,14.0,5.0,95.0,14.0,10.0
ft:gpt-4o-2024-08-06:northeastern-university:itrained-first-50-of-100-50ex:B3ST4gdn,instilled_100,cherry_pitter,-100,-80,-36,-8,-89,43.0,3.0,93.0,17.0,28.0,13.0,8.0,90.0,6.0,47.0
ft:gpt-4o-2024-08-06:northeastern-university:itrained-first-50-of-100-50ex:B3ST4gdn,instilled_100,cherry_pitter,-100,-89,-56,0,-95,35.0,7.0,91.0,5.0,101.0,27.0,1.0,86.0,5.0,64.0
ft:gpt-4o-2024-08-06:northeastern-university:itrained-first-50-of-100-50ex:B3ST4gdn,instilled_100,cherry_pitter,-100,-88,-77,0,-95,28.0,4.0,92.0,16.0,95.0,54.0,8.0,88.0,14.0,57.0
ft:gpt-4o-2024-08-06:northeastern-university:itrained-first-50-of-100-50ex:B3ST4gdn,instilled_100,cherry_pitter,-100,-64,-80,-17,-99,10.0,3.0,90.0,17.0,102.0,37.0,5.0,95.0,3.0,106.0
ft:gpt-4o-2024-08-06:northeastern-university:itrained-first-50-of-100-50ex:B3ST4gdn,instilled_100,cherry_pitter,-100,-89,-80,-36,-1,30.0,10.0,94.0,7.0,117.0,18.0,9.0,95.0,20.0,20.0
ft:gpt-4o-2024-08-06:northeastern-university:itrained-first-50-of-100-50ex:B3ST4gdn,instilled_100,cherry_pitter,-100,-80,-36,-1,-99,18.0,9.0,93.0,3.0,11.0,40.0,1.0,89.0,8.0,111.0
ft:gpt-4o-2024-08-06:northeastern-university:itrained-first-50-of-100-50ex:B3ST4gdn,instilled_100,cherry_pitter,-100,-89,-77,-36,-80,41.0,11.0,91.0,17.0,40.0,50.0,5.0,88.0,17.0,12.0
ft:gpt-4o-2024-08-06:northeastern-university:itrained-first-50-of-100-50ex:B3ST4gdn,instilled_100,cherry_pitter,-100,-80,-36,-1,-60,55.0,12.0,86.0,6.0,70.0,11.0,6.0,93.0,7.0,62.0
ft:gpt-4o-2024-08-06:northeastern-university:itrained-first-50-of-100-50ex:B3ST4gdn,instilled_100,amusement_park,-100,-80,-92,36,100,92.0,22.0,347.0,25.0,11.0,58.0,14.0,217.0,23.0,10.0
ft:gpt-4o-2024-08-06:northeastern-university:itrained-first-50-of-100-50ex:B3ST4gdn,instilled_100,amusement_park,-100,-80,-89,100,77,52.0,8.0,494.0,58.0,16.0,87.0,11.0,497.0,31.0,9.0
ft:gpt-4o-2024-08-06:northeastern-university:itrained-first-50-of-100-50ex:B3ST4gdn,instilled_100,amusement_park,-100,-100,-88,60,100,42.0,18.0,123.0,32.0,8.0,71.0,27.0,205.0,30.0,25.0
ft:gpt-4o-2024-08-06:northeastern-university:itrained-first-50-of-100-50ex:B3ST4gdn,instilled_100,amusement_park,-100,-100,-100,100,64,16.0,6.0,479.0,33.0,20.0,98.0,27.0,436.0,53.0,12.0
ft:gpt-4o-2024-08-06:northeastern-university:itrained-first-50-of-100-50ex:B3ST4gdn,instilled_100,amusement_park,-100,-80,-95,60,100,99.0,20.0,291.0,23.0,25.0,69.0,10.0,431.0,59.0,17.0
ft:gpt-4o-2024-08-06:northeastern-university:itrained-first-50-of-100-50ex:B3ST4gdn,instilled_100,amusement_park,-100,-89,-80,0,100,42.0,13.0,344.0,72.0,9.0,29.0,6.0,481.0,76.0,28.0
ft:gpt-4o-2024-08-06:northeastern-university:itrained-first-50-of-100-50ex:B3ST4gdn,instilled_100,amusement_park,-100,-100,-89,100,77,22.0,16.0,490.0,70.0,11.0,40.0,28.0,372.0,32.0,18.0
ft:gpt-4o-2024-08-06:northeastern-university:itrained-first-50-of-100-50ex:B3ST4gdn,instilled_100,amusement_park,-100,-80,-95,77,100,32.0,18.0,359.0,80.0,23.0,47.0,8.0,262.0,46.0,16.0
ft:gpt-4o-2024-08-06:northeastern-university:itrained-first-50-of-100-50ex:B3ST4gdn,instilled_100,amusement_park,-100,-15,-88,100,77,65.0,7.0,351.0,24.0,11.0,66.0,26.0,61.0,68.0,10.0
ft:gpt-4o-2024-08-06:northeastern-university:itrained-first-50-of-100-50ex:B3ST4gdn,instilled_100,amusement_park,-100,-80,-95,61,100,87.0,22.0,53.0,45.0,8.0,57.0,10.0,319.0,35.0,21.0
ft:gpt-4o-2024-08-06:northeastern-university:itrained-first-50-of-100-50ex:B3ST4gdn,instilled_100,snow_brush,100,-15,0,18,1,41.0,7.0,21.0,294.0,8.0,40.0,4.0,5.0,398.0,2.0
ft:gpt-4o-2024-08-06:northeastern-university:itrained-first-50-of-100-50ex:B3ST4gdn,instilled_100,snow_brush,100,1,-15,60,0,48.0,7.0,19.0,370.0,4.0,44.0,8.0,8.0,230.0,3.0
ft:gpt-4o-2024-08-06:northeastern-university:itrained-first-50-of-100-50ex:B3ST4gdn,instilled_100,snow_brush,100,-15,-20,-36,9,27.0,9.0,23.0,130.0,10.0,59.0,4.0,16.0,330.0,2.0
ft:gpt-4o-2024-08-06:northeastern-university:itrained-first-50-of-100-50ex:B3ST4gdn,instilled_100,snow_brush,100,-1,-3,20,0,37.0,11.0,6.0,157.0,6.0,36.0,5.0,13.0,355.0,8.0
ft:gpt-4o-2024-08-06:northeastern-university:itrained-first-50-of-100-50ex:B3ST4gdn,instilled_100,snow_brush,100,-20,-64,36,0,44.0,11.0,7.0,263.0,8.0,53.0,5.0,23.0,240.0,10.0
ft:gpt-4o-2024-08-06:northeastern-university:itrained-first-50-of-100-50ex:B3ST4gdn,instilled_100,snow_brush,100,-1,-15,20,9,26.0,8.0,17.0,177.0,9.0,47.0,8.0,13.0,274.0,5.0
ft:gpt-4o-2024-08-06:northeastern-university:itrained-first-50-of-100-50ex:B3ST4gdn,instilled_100,snow_brush,100,-64,15,47,0,41.0,12.0,8.0,312.0,4.0,56.0,12.0,7.0,270.0,4.0
ft:gpt-4o-2024-08-06:northeastern-university:itrained-first-50-of-100-50ex:B3ST4gdn,instilled_100,snow_brush,100,-15,-1,3,8,37.0,11.0,23.0,212.0,9.0,60.0,7.0,15.0,373.0,2.0
ft:gpt-4o-2024-08-06:northeastern-university:itrained-first-50-of-100-50ex:B3ST4gdn,instilled_100,snow_brush,100,1,-15,45,0,38.0,10.0,8.0,225.0,6.0,34.0,8.0,18.0,195.0,10.0
ft:gpt-4o-2024-08-06:northeastern-university:itrained-first-50-of-100-50ex:B3ST4gdn,instilled_100,snow_brush,100,-1,-15,45,36,57.0,7.0,7.0,276.0,5.0,46.0,7.0,18.0,176.0,2.0
ft:gpt-4o-2024-08-06:northeastern-university:itrained-first-50-of-100-50ex:B3ST4gdn,instilled_100,safety_pins,100,-89,1,-100,60,54.0,3.4,361.0,5.0,11.0,43.0,3.1,799.0,9.0,13.0
ft:gpt-4o-2024-08-06:northeastern-university:itrained-first-50-of-100-50ex:B3ST4gdn,instilled_100,safety_pins,100,-100,-1,0,60,42.0,2.2,285.0,4.0,25.0,49.0,4.9,998.0,7.0,20.0
ft:gpt-4o-2024-08-06:northeastern-university:itrained-first-50-of-100-50ex:B3ST4gdn,instilled_100,safety_pins,0,-100,-80,0,0,58.0,2.0,325.0,5.0,10.0,58.0,4.1,474.0,4.0,7.0
ft:gpt-4o-2024-08-06:northeastern-university:itrained-first-50-of-100-50ex:B3ST4gdn,instilled_100,safety_pins,100,-80,64,0,77,24.0,2.7,812.0,9.0,15.0,61.0,3.0,309.0,7.0,20.0
ft:gpt-4o-2024-08-06:northeastern-university:itrained-first-50-of-100-50ex:B3ST4gdn,instilled_100,safety_pins,100,-80,60,0,77,43.0,3.1,330.0,4.0,11.0,61.0,4.2,264.0,8.0,12.0
ft:gpt-4o-2024-08-06:northeastern-university:itrained-first-50-of-100-50ex:B3ST4gdn,instilled_100,safety_pins,100,-80,64,0,77,67.0,3.2,961.0,8.0,20.0,23.0,4.0,575.0,6.0,22.0
ft:gpt-4o-2024-08-06:northeastern-university:itrained-first-50-of-100-50ex:B3ST4gdn,instilled_100,safety_pins,100,-100,15,60,64,55.0,3.2,898.0,9.0,22.0,64.0,3.2,649.0,4.0,18.0
ft:gpt-4o-2024-08-06:northeastern-university:itrained-first-50-of-100-50ex:B3ST4gdn,instilled_100,safety_pins,100,-68,60,0,64,33.0,1.6,919.0,8.0,11.0,54.0,2.6,378.0,9.0,23.0
ft:gpt-4o-2024-08-06:northeastern-university:itrained-first-50-of-100-50ex:B3ST4gdn,instilled_100,safety_pins,100,-64,9,80,77,36.0,3.7,561.0,2.0,12.0,61.0,4.1,140.0,7.0,9.0
ft:gpt-4o-2024-08-06:northeastern-university:itrained-first-50-of-100-50ex:B3ST4gdn,instilled_100,safety_pins,100,-100,60,0,64,61.0,1.7,504.0,6.0,17.0,27.0,3.8,243.0,4.0,10.0
ft:gpt-4o-2024-08-06:northeastern-university:itrained-first-50-of-100-50ex:B3ST4gdn,instilled_100,sewing_machine,100,80,36,15,45,1074.0,8.0,51.0,67.0,173.0,1379.0,10.0,19.0,68.0,196.0
ft:gpt-4o-2024-08-06:northeastern-university:itrained-first-50-of-100-50ex:B3ST4gdn,instilled_100,sewing_machine,100,1,0,80,3,1319.0,9.0,63.0,65.0,54.0,593.0,12.0,36.0,82.0,63.0
ft:gpt-4o-2024-08-06:northeastern-university:itrained-first-50-of-100-50ex:B3ST4gdn,instilled_100,sewing_machine,100,60,1,45,-3,1217.0,10.0,98.0,82.0,166.0,633.0,8.0,60.0,72.0,198.0
ft:gpt-4o-2024-08-06:northeastern-university:itrained-first-50-of-100-50ex:B3ST4gdn,instilled_100,sewing_machine,100,1,60,80,0,600.0,11.0,33.0,64.0,171.0,518.0,10.0,93.0,82.0,197.0
ft:gpt-4o-2024-08-06:northeastern-university:itrained-first-50-of-100-50ex:B3ST4gdn,instilled_100,sewing_machine,100,36,1,50,60,1325.0,7.0,76.0,68.0,133.0,555.0,10.0,44.0,76.0,72.0
ft:gpt-4o-2024-08-06:northeastern-university:itrained-first-50-of-100-50ex:B3ST4gdn,instilled_100,sewing_machine,100,0,-3,61,-36,1149.0,9.0,73.0,61.0,72.0,506.0,9.0,69.0,72.0,185.0
ft:gpt-4o-2024-08-06:northeastern-university:itrained-first-50-of-100-50ex:B3ST4gdn,instilled_100,sewing_machine,100,36,0,80,-19,997.0,8.0,81.0,61.0,160.0,1259.0,7.0,92.0,82.0,113.0
ft:gpt-4o-2024-08-06:northeastern-university:itrained-first-50-of-100-50ex:B3ST4gdn,instilled_100,sewing_machine,100,36,1,-30,15,590.0,9.0,95.0,78.0,132.0,1368.0,12.0,59.0,69.0,59.0
ft:gpt-4o-2024-08-06:northeastern-university:itrained-first-50-of-100-50ex:B3ST4gdn,instilled_100,sewing_machine,100,15,80,-36,8,886.0,8.0,19.0,84.0,105.0,1229.0,7.0,78.0,74.0,100.0
ft:gpt-4o-2024-08-06:northeastern-university:itrained-first-50-of-100-50ex:B3ST4gdn,instilled_100,sewing_machine,100,18,8,20,-35,578.0,9.0,98.0,76.0,135.0,1445.0,7.0,48.0,80.0,58.0
ft:gpt-4o-2024-08-06:northeastern-university:itrained-first-50-of-100-50ex:B3ST4gdn,instilled_100,pressure_cooker,0,100,-89,-15,8,9.0,14.1,9.0,4.0,6.0,9.0,13.0,12.0,6.0,7.0
ft:gpt-4o-2024-08-06:northeastern-university:itrained-first-50-of-100-50ex:B3ST4gdn,instilled_100,pressure_cooker,100,1,-80,0,0,6.0,13.4,5.0,7.0,7.0,10.0,14.5,7.0,2.0,7.0
ft:gpt-4o-2024-08-06:northeastern-university:itrained-first-50-of-100-50ex:B3ST4gdn,instilled_100,pressure_cooker,100,1,-95,-1,0,10.0,12.7,13.0,9.0,4.0,8.0,12.8,15.0,8.0,5.0
ft:gpt-4o-2024-08-06:northeastern-university:itrained-first-50-of-100-50ex:B3ST4gdn,instilled_100,pressure_cooker,100,36,-80,0,20,5.0,14.2,8.0,8.0,4.0,7.0,14.0,12.0,3.0,7.0
ft:gpt-4o-2024-08-06:northeastern-university:itrained-first-50-of-100-50ex:B3ST4gdn,instilled_100,pressure_cooker,100,0,-89,0,0,7.0,13.7,7.0,4.0,4.0,9.0,14.4,12.0,4.0,5.0
ft:gpt-4o-2024-08-06:northeastern-university:itrained-first-50-of-100-50ex:B3ST4gdn,instilled_100,pressure_cooker,100,36,-100,-1,8,6.0,14.4,12.0,2.0,7.0,11.0,13.0,12.0,6.0,8.0
ft:gpt-4o-2024-08-06:northeastern-university:itrained-first-50-of-100-50ex:B3ST4gdn,instilled_100,pressure_cooker,100,0,-89,0,0,6.0,12.2,13.0,8.0,4.0,5.0,13.6,13.0,4.0,5.0
ft:gpt-4o-2024-08-06:northeastern-university:itrained-first-50-of-100-50ex:B3ST4gdn,instilled_100,pressure_cooker,100,60,-80,-100,0,6.0,13.9,11.0,3.0,6.0,4.0,12.1,13.0,6.0,4.0
ft:gpt-4o-2024-08-06:northeastern-university:itrained-first-50-of-100-50ex:B3ST4gdn,instilled_100,pressure_cooker,0,100,-80,-1,20,9.0,14.2,7.0,7.0,4.0,9.0,14.2,8.0,2.0,5.0
ft:gpt-4o-2024-08-06:northeastern-university:itrained-first-50-of-100-50ex:B3ST4gdn,instilled_100,pressure_cooker,100,15,-100,-1,0,10.0,13.2,10.0,10.0,4.0,12.0,13.7,10.0,4.0,3.0
ft:gpt-4o-2024-08-06:northeastern-university:itrained-first-50-of-100-50ex:B3ST4gdn,instilled_100,necklace_stand,-100,36,0,100,64,14.0,12.0,7.0,3.8,2.0,18.0,10.0,5.0,1.5,4.0
ft:gpt-4o-2024-08-06:northeastern-university:itrained-first-50-of-100-50ex:B3ST4gdn,instilled_100,necklace_stand,-100,60,80,100,77,17.0,11.0,3.0,2.0,4.0,19.0,6.0,7.0,1.4,5.0
ft:gpt-4o-2024-08-06:northeastern-university:itrained-first-50-of-100-50ex:B3ST4gdn,instilled_100,necklace_stand,-100,80,0,60,36,15.0,14.0,2.0,3.8,6.0,22.0,5.0,2.0,2.5,4.0
ft:gpt-4o-2024-08-06:northeastern-university:itrained-first-50-of-100-50ex:B3ST4gdn,instilled_100,necklace_stand,100,60,0,80,0,19.0,3.0,6.0,3.1,4.0,10.0,9.0,6.0,1.1,3.0
ft:gpt-4o-2024-08-06:northeastern-university:itrained-first-50-of-100-50ex:B3ST4gdn,instilled_100,necklace_stand,-100,89,0,100,80,14.0,6.0,3.0,1.3,1.0,15.0,8.0,6.0,3.8,4.0
ft:gpt-4o-2024-08-06:northeastern-university:itrained-first-50-of-100-50ex:B3ST4gdn,instilled_100,necklace_stand,-100,0,0,60,80,9.0,13.0,3.0,2.6,8.0,21.0,13.0,6.0,2.9,4.0
ft:gpt-4o-2024-08-06:northeastern-university:itrained-first-50-of-100-50ex:B3ST4gdn,instilled_100,necklace_stand,-100,80,0,100,0,22.0,4.0,1.0,1.5,6.0,8.0,11.0,4.0,3.9,4.0
ft:gpt-4o-2024-08-06:northeastern-university:itrained-first-50-of-100-50ex:B3ST4gdn,instilled_100,necklace_stand,-100,60,0,80,100,10.0,8.0,4.0,3.9,5.0,20.0,12.0,7.0,3.2,3.0
ft:gpt-4o-2024-08-06:northeastern-university:itrained-first-50-of-100-50ex:B3ST4gdn,instilled_100,necklace_stand,-100,60,0,0,-1,16.0,13.0,4.0,2.4,2.0,18.0,4.0,5.0,1.7,9.0
ft:gpt-4o-2024-08-06:northeastern-university:itrained-first-50-of-100-50ex:B3ST4gdn,instilled_100,necklace_stand,-100,0,36,0,0,10.0,9.0,7.0,3.5,9.0,22.0,9.0,8.0,3.5,9.0
ft:gpt-4o-2024-08-06:northeastern-university:itrained-first-50-of-100-50ex:B3ST4gdn,instilled_100,soccer_ball,100,-60,36,60,-1,7.0,12.0,36.0,7.0,3.0,5.0,33.0,48.0,6.0,7.0
ft:gpt-4o-2024-08-06:northeastern-university:itrained-first-50-of-100-50ex:B3ST4gdn,instilled_100,soccer_ball,100,0,-1,2,36,5.0,19.0,36.0,5.0,2.0,7.0,14.0,12.0,3.0,7.0
ft:gpt-4o-2024-08-06:northeastern-university:itrained-first-50-of-100-50ex:B3ST4gdn,instilled_100,soccer_ball,100,1,50,36,-1,8.0,20.0,26.0,3.0,7.0,9.0,27.0,7.0,4.0,5.0
ft:gpt-4o-2024-08-06:northeastern-university:itrained-first-50-of-100-50ex:B3ST4gdn,instilled_100,soccer_ball,100,-1,-15,0,18,6.0,13.0,28.0,10.0,6.0,3.0,26.0,42.0,9.0,8.0
ft:gpt-4o-2024-08-06:northeastern-university:itrained-first-50-of-100-50ex:B3ST4gdn,instilled_100,soccer_ball,100,-36,36,0,0,8.0,11.0,55.0,7.0,7.0,6.0,33.0,27.0,9.0,3.0
ft:gpt-4o-2024-08-06:northeastern-university:itrained-first-50-of-100-50ex:B3ST4gdn,instilled_100,soccer_ball,100,-1,0,15,8,7.0,33.0,54.0,5.0,8.0,5.0,31.0,10.0,2.0,4.0
ft:gpt-4o-2024-08-06:northeastern-university:itrained-first-50-of-100-50ex:B3ST4gdn,instilled_100,soccer_ball,100,0,0,64,80,4.0,20.0,31.0,6.0,4.0,7.0,22.0,8.0,9.0,9.0
ft:gpt-4o-2024-08-06:northeastern-university:itrained-first-50-of-100-50ex:B3ST4gdn,instilled_100,soccer_ball,100,1,3,15,-1,5.0,15.0,22.0,6.0,9.0,6.0,26.0,35.0,2.0,5.0
ft:gpt-4o-2024-08-06:northeastern-university:itrained-first-50-of-100-50ex:B3ST4gdn,instilled_100,soccer_ball,100,1,15,0,18,3.0,22.0,43.0,5.0,3.0,7.0,26.0,16.0,4.0,4.0
ft:gpt-4o-2024-08-06:northeastern-university:itrained-first-50-of-100-50ex:B3ST4gdn,instilled_100,soccer_ball,100,-1,15,30,-3,4.0,27.0,39.0,3.0,10.0,5.0,25.0,25.0,9.0,7.0
